0.00208333333333333,1.32179260253906
0.00875,1.2359619140625
0.0154166666666667,1.16729736328125
0.0220833333333333,1.12771987915039
0.02875,1.11293792724609
0.0354166666666667,1.10864639282227
0.0420833333333333,1.09100341796875
0.04875,1.05047225952148
0.0554166666666667,0.985145568847656
0.0620833333333333,0.902652740478516
0.06875,0.804901123046875
0.0754166666666667,0.694751739501953
0.0820833333333333,0.571727752685547
0.08875,0.437736511230469
0.0954166666666667,0.295639038085938
0.102083333333333,0.147342681884766
0.10875,-0.00333786010742188
0.115416666666667,-0.154972076416016
0.122083333333333,-0.303745269775391
0.12875,-0.444889068603516
0.135416666666667,-0.578403472900391
0.142083333333333,-0.699996948242188
0.14875,-0.807285308837891
0.155416666666667,-0.901222229003906
0.162083333333333,-0.985622406005859
0.16875,-1.07049942016602
0.175416666666667,-1.15823745727539
0.182083333333333,-1.25217437744141
0.18875,-1.35612487792969
0.195416666666667,-1.46818161010742
0.202083333333333,-1.58357620239258
0.20875,-1.69706344604492
0.215416666666667,-1.80768966674805
0.222083333333333,-1.91259384155273
0.22875,-2.00796127319336
0.235416666666667,-2.09236145019531
0.242083333333333,-2.14624404907227
0.24875,-2.10380554199219
0.255416666666667,-1.85394287109375
0.262083333333333,-1.29318237304688
0.26875,-0.372409820556641
0.275416666666667,0.86212158203125
0.282083333333333,2.22492218017578
0.28875,3.40509414672852
0.295416666666667,4.08220291137695
0.302083333333333,4.08411026000977
0.30875,3.42845916748047
0.315416666666667,2.27785110473633
0.322083333333333,0.884532928466797
0.32875,-0.458717346191406
0.335416666666667,-1.52254104614258
0.342083333333333,-2.23636627197266
0.34875,-2.67362594604492
0.355416666666667,-2.95352935791016
0.362083333333333,-3.16667556762695
0.36875,-3.35168838500977
0.375416666666667,-3.51476669311523
0.382083333333333,-3.64208221435547
0.38875,-3.72695922851563
0.395416666666667,-3.77130508422852
0.402083333333333,-3.77702713012695
0.40875,-3.75556945800781
0.415416666666667,-3.72409820556641
0.422083333333333,-3.7074089050293
0.42875,-3.71646881103516
0.435416666666667,-3.75509262084961
0.442083333333333,-3.82518768310547
0.44875,-3.94773483276367
0.455416666666667,-4.21571731567383
0.462083333333333,-4.76312637329102
0.46875,-5.48601150512695
0.475416666666667,-6.00767135620117
0.482083333333333,-6.24465942382813
0.48875,-6.81543350219727
0.495416666666667,-8.44955444335938
0.502083333333333,-11.0087394714355
0.50875,-13.7057304382324
0.515416666666667,-15.9740447998047
0.522083333333333,-17.5361633300781
0.52875,-17.9028511047363
0.535416666666667,-16.5500640869141
0.542083333333333,-13.7219429016113
0.54875,-10.4556083679199
0.555416666666667,-7.77006149291992
0.562083333333333,-6.06441497802734
0.56875,-5.21659851074219
0.575416666666667,-4.94813919067383
0.582083333333333,-5.02824783325195
0.58875,-5.30099868774414
0.595416666666667,-5.66196441650391
0.602083333333333,-6.02197647094727
0.60875,-6.3014030456543
0.615416666666667,-6.44540786743164
0.622083333333333,-6.439208984375
0.62875,-6.3166618347168
0.635416666666667,-6.14452362060547
0.642083333333333,-6.00957870483398
0.64875,-5.99431991577148
0.655416666666667,-6.1488151550293
0.662083333333333,-6.47211074829102
0.66875,-6.91795349121094
0.675416666666667,-7.41291046142578
0.682083333333333,-7.87353515625
0.68875,-8.21828842163086
0.695416666666667,-8.38613510131836
0.702083333333333,-8.35275650024414
0.70875,-8.12911987304688
0.715416666666667,-7.75623321533203
0.722083333333333,-7.29894638061523
0.72875,-6.8364143371582
0.735416666666667,-6.43157958984375
0.742083333333333,-6.13069534301758
0.74875,-5.96475601196289
0.755416666666667,-5.94949722290039
0.762083333333333,-6.08587265014648
0.76875,-6.36768341064453
0.775416666666667,-6.78873062133789
0.782083333333333,-7.32994079589844
0.78875,-7.95459747314453
0.795416666666667,-8.60738754272461
0.802083333333333,-9.22012329101563
0.80875,-9.71746444702148
0.815416666666667,-10.035514831543
0.822083333333333,-10.1318359375
0.82875,-10.0016593933105
0.835416666666667,-9.66787338256836
0.842083333333333,-9.18292999267578
0.84875,-8.61406326293945
0.855416666666667,-8.03041458129883
0.862083333333333,-7.49540328979492
0.86875,-7.04860687255859
0.875416666666667,-6.7138671875
0.882083333333333,-6.49070739746094
0.88875,-6.37531280517578
0.895416666666667,-6.35862350463867
0.902083333333333,-6.42681121826172
0.90875,-6.56557083129883
0.915416666666667,-6.76107406616211
0.922083333333333,-7.00664520263672
0.92875,-7.29513168334961
0.935416666666667,-7.61795043945313
0.942083333333333,-7.96270370483398
0.94875,-8.32271575927734
0.955416666666667,-8.69512557983398
0.962083333333333,-9.07659530639648
0.96875,-9.45663452148438
0.975416666666667,-9.83095169067383
0.982083333333333,-10.1966857910156
0.98875,-10.5423927307129
0.995416666666667,-10.8528137207031
1.00208333333333,-11.1169815063477
1.00875,-11.3310813903809
1.01541666666667,-11.4874839782715
1.02208333333333,-11.5890502929688
1.02875,-11.6558074951172
1.03541666666667,-11.7168426513672
1.04208333333333,-11.7955207824707
1.04875,-11.9032859802246
1.05541666666667,-12.0463371276855
1.06208333333333,-12.2222900390625
1.06875,-12.4225616455078
1.07541666666667,-12.6338005065918
1.08208333333333,-12.8440856933594
1.08875,-13.0500793457031
1.09541666666667,-13.2522583007813
1.10208333333333,-13.453483581543
1.10875,-13.648509979248
1.11541666666667,-13.8373374938965
1.12208333333333,-14.0185356140137
1.12875,-14.1921043395996
1.13541666666667,-14.3599510192871
1.14208333333333,-14.5235061645508
1.14875,-14.6832466125488
1.15541666666667,-14.8367881774902
1.16208333333333,-14.9831771850586
1.16875,-15.1233673095703
1.17541666666667,-15.256404876709
1.18208333333333,-15.3861045837402
1.18875,-15.5143737792969
1.19541666666667,-15.6435966491699
1.20208333333333,-15.772819519043
1.20875,-15.9053802490234
1.21541666666667,-16.0417556762695
1.22208333333333,-16.1771774291992
1.22875,-16.3054466247559
1.23541666666667,-16.4265632629395
1.24208333333333,-16.542911529541
1.24875,-16.657829284668
1.25541666666667,-16.7703628540039
1.26208333333333,-16.8838500976563
1.26875,-17.0016288757324
1.27541666666667,-17.1208381652832
1.28208333333333,-17.2410011291504
1.28875,-17.3563957214355
1.29541666666667,-17.4655914306641
1.30208333333333,-17.5676345825195
1.30875,-17.667293548584
1.31541666666667,-17.7674293518066
1.32208333333333,-17.8680419921875
1.32875,-17.970085144043
1.33541666666667,-18.071174621582
1.34208333333333,-18.1722640991211
1.34875,-18.2690620422363
1.35541666666667,-18.3587074279785
1.36208333333333,-18.4426307678223
1.36875,-18.521785736084
1.37541666666667,-18.5966491699219
1.38208333333333,-18.6662673950195
1.38875,-18.7287330627441
1.39541666666667,-18.7864303588867
1.40208333333333,-18.8422203063965
1.40875,-18.9003944396973
1.41541666666667,-18.9623832702637
1.42208333333333,-19.0329551696777
1.42875,-19.1149711608887
1.43541666666667,-19.2055702209473
1.44208333333333,-19.2995071411133
1.44875,-19.3920135498047
1.45541666666667,-19.4845199584961
1.46208333333333,-19.5760726928711
1.46875,-19.6619033813477
1.47541666666667,-19.742488861084
1.48208333333333,-19.8183059692383
1.48875,-19.8912620544434
1.49541666666667,-19.9599266052246
1.50208333333333,-20.0200080871582
1.50875,-20.0738906860352
1.51541666666667,-20.1225280761719
1.52208333333333,-20.1606750488281
1.52875,-20.1730728149414
1.53541666666667,-20.148754119873
1.54208333333333,-20.0924873352051
1.54875,-20.0176239013672
1.55541666666667,-19.9422836303711
1.56208333333333,-19.8884010314941
1.56875,-19.8802947998047
1.57541666666667,-19.9289321899414
1.58208333333333,-20.0285911560059
1.58875,-20.1611518859863
1.59541666666667,-20.2984809875488
1.60208333333333,-20.4081535339355
1.60875,-20.4668045043945
1.61541666666667,-20.472526550293
1.62208333333333,-20.4477310180664
1.62875,-20.4257965087891
1.63541666666667,-20.4405784606934
1.64208333333333,-20.5154418945313
1.64875,-20.6565856933594
1.65541666666667,-20.8520889282227
1.66208333333333,-21.0728645324707
1.66875,-21.2869644165039
1.67541666666667,-21.4672088623047
1.68208333333333,-21.6050148010254
1.68875,-21.7065811157227
1.69541666666667,-21.7876434326172
1.70208333333333,-21.8601226806641
1.70875,-21.9311714172363
1.71541666666667,-22.0041275024414
1.72208333333333,-22.0808982849121
1.72875,-22.160530090332
1.73541666666667,-22.240161895752
1.74208333333333,-22.3174095153809
1.74875,-22.3875045776367
1.75541666666667,-22.4509239196777
1.76208333333333,-22.5114822387695
1.76875,-22.5710868835449
1.77541666666667,-22.6283073425293
1.78208333333333,-22.6802825927734
1.78875,-22.7303504943848
1.79541666666667,-22.7813720703125
1.80208333333333,-22.8314399719238
1.80875,-22.8772163391113
1.81541666666667,-22.921085357666
1.82208333333333,-22.9678153991699
1.82875,-23.0193138122559
1.83541666666667,-23.073673248291
1.84208333333333,-23.1289863586426
1.84875,-23.1866836547852
1.85541666666667,-23.2453346252441
1.86208333333333,-23.3030319213867
1.86875,-23.3583450317383
1.87541666666667,-23.4146118164063
1.88208333333333,-23.4713554382324
1.88875,-23.526668548584
1.89541666666667,-23.5772132873535
1.90208333333333,-23.622989654541
1.90875,-23.6625671386719
1.91541666666667,-23.6968994140625
1.92208333333333,-23.7259864807129
1.92875,-23.7536430358887
1.93541666666667,-23.7889289855957
1.94208333333333,-23.8347053527832
1.94875,-23.8876342773438
1.95541666666667,-23.9424705505371
1.96208333333333,-23.9996910095215
1.96875,-24.0578651428223
1.97541666666667,-24.113655090332
1.98208333333333,-24.1656303405762
1.98875,-24.2142677307129
1.99541666666667,-24.2633819580078
2.00208333333333,-24.3148803710938
2.00875,-24.3692398071289
2.01541666666667,-24.4240760803223
2.02208333333333,-24.4770050048828
2.02875,-24.5275497436523
2.03541666666667,-24.5757102966309
2.04208333333333,-24.6210098266602
2.04875,-24.6634483337402
2.05541666666667,-24.7058868408203
2.06208333333333,-24.749755859375
2.06875,-24.7974395751953
2.07541666666667,-24.8465538024902
2.08208333333333,-24.8985290527344
2.08875,-24.9495506286621
2.09541666666667,-24.9996185302734
2.10208333333333,-25.047779083252
2.10875,-25.0959396362305
2.11541666666667,-25.146484375
2.12208333333333,-25.1951217651367
2.12875,-25.2447128295898
2.13541666666667,-25.2923965454102
2.14208333333333,-25.3381729125977
2.14875,-25.3763198852539
2.15541666666667,-25.4020690917969
2.16208333333333,-25.413990020752
2.16875,-25.4111289978027
2.17541666666667,-25.3982543945313
2.18208333333333,-25.3853797912598
2.18875,-25.3853797912598
2.19541666666667,-25.4044532775879
2.20208333333333,-25.444507598877
2.20875,-25.5031585693359
2.21541666666667,-25.5765914916992
2.22208333333333,-25.6552696228027
2.22875,-25.7296562194824
2.23541666666667,-25.7959365844727
2.24208333333333,-25.8574485778809
2.24875,-25.9203910827637
2.25541666666667,-25.9838104248047
2.26208333333333,-26.0448455810547
2.26875,-26.0992050170898
2.27541666666667,-26.1492729187012
2.28208333333333,-26.1983871459961
2.28875,-26.2446403503418
2.29541666666667,-26.2846946716309
2.30208333333333,-26.3190269470215
2.30875,-26.3471603393555
2.31541666666667,-26.364803314209
2.32208333333333,-26.3595581054688
2.32875,-26.3266563415527
2.33541666666667,-26.2665748596191
2.34208333333333,-26.1836051940918
2.34875,-26.0896682739258
2.35541666666667,-26.0000228881836
2.36208333333333,-25.9337425231934
2.36875,-25.9032249450684
2.37541666666667,-25.9146690368652
2.38208333333333,-25.9637832641602
2.38875,-26.0410308837891
2.39541666666667,-26.1340141296387
2.40208333333333,-26.2269973754883
2.40875,-26.308536529541
2.41541666666667,-26.3729095458984
2.42208333333333,-26.423454284668
2.42875,-26.461124420166
2.43541666666667,-26.4892578125
2.44208333333333,-26.5092849731445
2.44875,-26.5250205993652
2.45541666666667,-26.5374183654785
2.46208333333333,-26.5498161315918
2.46875,-26.5674591064453
2.47541666666667,-26.5908241271973
2.48208333333333,-26.6189575195313
2.48875,-26.6475677490234
2.49541666666667,-26.6790390014648
2.50208333333333,-26.7105102539063
2.50875,-26.7376899719238
2.51541666666667,-26.7605781555176
2.52208333333333,-26.7834663391113
2.52875,-26.8120765686035
2.53541666666667,-26.8454551696777
2.54208333333333,-26.8816947937012
2.54875,-26.9227027893066
2.55541666666667,-26.9641876220703
2.56208333333333,-27.0037651062012
2.56875,-27.03857421875
2.57541666666667,-27.0719528198242
2.58208333333333,-27.1034240722656
2.58875,-27.1291732788086
2.59541666666667,-27.1468162536621
2.60208333333333,-27.1549224853516
2.60875,-27.1577835083008
2.61541666666667,-27.1577835083008
2.62208333333333,-27.1592140197754
2.62875,-27.1687507629395
2.63541666666667,-27.1902084350586
2.64208333333333,-27.2231101989746
2.64875,-27.2607803344727
2.65541666666667,-27.2960662841797
2.66208333333333,-27.3265838623047
2.66875,-27.3532867431641
2.67541666666667,-27.3747444152832
2.68208333333333,-27.3919105529785
2.68875,-27.4062156677246
2.69541666666667,-27.4214744567871
2.70208333333333,-27.4362564086914
2.70875,-27.4467468261719
2.71541666666667,-27.4500846862793
2.72208333333333,-27.4505615234375
2.72875,-27.4543762207031
2.73541666666667,-27.4629592895508
2.74208333333333,-27.4748802185059
2.74875,-27.4863243103027
2.75541666666667,-27.5006294250488
2.76208333333333,-27.5192260742188
2.76875,-27.5387763977051
2.77541666666667,-27.5554656982422
2.78208333333333,-27.5692939758301
2.78875,-27.585506439209
2.79541666666667,-27.5983810424805
2.80208333333333,-27.6026725769043
2.80875,-27.5969505310059
2.81541666666667,-27.5917053222656
2.82208333333333,-27.5969505310059
2.82875,-27.6126861572266
2.83541666666667,-27.6384353637695
2.84208333333333,-27.6737213134766
2.84875,-27.7161598205566
2.85541666666667,-27.7571678161621
2.86208333333333,-27.7886390686035
2.86875,-27.8124809265137
2.87541666666667,-27.8306007385254
2.88208333333333,-27.8458595275879
2.88875,-27.8587341308594
2.89541666666667,-27.869701385498
2.90208333333333,-27.8787612915039
2.90875,-27.8873443603516
2.91541666666667,-27.8964042663574
2.92208333333333,-27.9016494750977
2.92875,-27.9045104980469
2.93541666666667,-27.9078483581543
2.94208333333333,-27.9107093811035
2.94875,-27.9107093811035
2.95541666666667,-27.9078483581543
2.96208333333333,-27.9068946838379
2.96875,-27.9078483581543
2.97541666666667,-27.9068946838379
2.98208333333333,-27.9016494750977
2.98875,-27.890682220459
2.99541666666667,-27.8730392456055
3.00208333333333,-27.8515815734863
3.00875,-27.83203125
3.01541666666667,-27.8205871582031
3.02208333333333,-27.8201103210449
3.02875,-27.8325080871582
3.03541666666667,-27.857780456543
3.04208333333333,-27.8902053833008
3.04875,-27.923583984375
3.05541666666667,-27.9555320739746
3.06208333333333,-27.9831886291504
3.06875,-28.0046463012695
3.07541666666667,-28.0203819274902
3.08208333333333,-28.0375480651855
3.08875,-28.0561447143555
3.09541666666667,-28.0728340148926
3.10208333333333,-28.0857086181641
3.10875,-28.0976295471191
3.11541666666667,-28.1095504760742
3.12208333333333,-28.1190872192383
3.12875,-28.1257629394531
3.13541666666667,-28.1310081481934
3.14208333333333,-28.1386375427246
3.14875,-28.1472206115723
3.15541666666667,-28.1538963317871
3.16208333333333,-28.1567573547363
3.16875,-28.1572341918945
3.17541666666667,-28.1562805175781
3.18208333333333,-28.1524658203125
3.18875,-28.1481742858887
3.19541666666667,-28.1462669372559
3.20208333333333,-28.1491279602051
3.20875,-28.1562805175781
3.21541666666667,-28.1667709350586
3.22208333333333,-28.1782150268555
3.22875,-28.1887054443359
3.23541666666667,-28.195858001709
3.24208333333333,-28.1987190246582
3.24875,-28.1977653503418
3.25541666666667,-28.195858001709
3.26208333333333,-28.1939506530762
3.26875,-28.1896591186523
3.27541666666667,-28.1834602355957
3.28208333333333,-28.1753540039063
3.28875,-28.165340423584
3.29541666666667,-28.1538963317871
3.30208333333333,-28.144359588623
3.30875,-28.141975402832
3.31541666666667,-28.1453132629395
3.32208333333333,-28.1553268432617
3.32875,-28.167724609375
3.33541666666667,-28.1801223754883
3.34208333333333,-28.1906127929688
3.34875,-28.1972885131836
3.35541666666667,-28.2020568847656
3.36208333333333,-28.2044410705566
3.36875,-28.2049179077148
3.37541666666667,-28.2015800476074
3.38208333333333,-28.1968116760254
3.38875,-28.191089630127
3.39541666666667,-28.1872749328613
3.40208333333333,-28.1834602355957
3.40875,-28.1801223754883
3.41541666666667,-28.1782150268555
3.42208333333333,-28.1758308410645
3.42875,-28.1720161437988
3.43541666666667,-28.1658172607422
3.44208333333333,-28.160572052002
3.44875,-28.1538963317871
3.45541666666667,-28.1457901000977
3.46208333333333,-28.139591217041
3.46875,-28.1362533569336
3.47541666666667,-28.1314849853516
3.48208333333333,-28.1233787536621
3.48875,-28.1162261962891
3.49541666666667,-28.1128883361816
3.50208333333333,-28.1105041503906
3.50875,-28.1057357788086
3.51541666666667,-28.1023979187012
3.52208333333333,-28.1023979187012
3.52875,-28.106689453125
3.53541666666667,-28.1124114990234
3.54208333333333,-28.1176567077637
3.54875,-28.1209945678711
3.55541666666667,-28.1219482421875
3.56208333333333,-28.1205177307129
3.56875,-28.1124114990234
3.57541666666667,-28.0961990356445
3.58208333333333,-28.0752182006836
3.58875,-28.0537605285645
3.59541666666667,-28.0318260192871
3.60208333333333,-28.0094146728516
3.60875,-27.9889106750488
3.61541666666667,-27.9750823974609
3.62208333333333,-27.9669761657715
3.62875,-27.9626846313477
3.63541666666667,-27.9574394226074
3.64208333333333,-27.9498100280762
3.64875,-27.9412269592285
3.65541666666667,-27.9340744018555
3.66208333333333,-27.928352355957
3.66875,-27.9226303100586
3.67541666666667,-27.9202461242676
3.68208333333333,-27.923583984375
3.68875,-27.9254913330078
3.69541666666667,-27.9226303100586
3.70208333333333,-27.9150009155273
3.70875,-27.9059410095215
3.71541666666667,-27.8949737548828
3.72208333333333,-27.8820991516113
3.72875,-27.8739929199219
3.73541666666667,-27.8701782226563
3.74208333333333,-27.8677940368652
3.74875,-27.8663635253906
3.75541666666667,-27.8658866882324
3.76208333333333,-27.8668403625488
3.76875,-27.8644561767578
3.77541666666667,-27.8592109680176
3.78208333333333,-27.8515815734863
3.78875,-27.8458595275879
3.79541666666667,-27.8420448303223
3.80208333333333,-27.8387069702148
3.80875,-27.8348922729492
3.81541666666667,-27.8310775756836
3.82208333333333,-27.824878692627
3.82875,-27.8139114379883
3.83541666666667,-27.796745300293
3.84208333333333,-27.7791023254395
3.84875,-27.7624130249023
3.85541666666667,-27.7457237243652
3.86208333333333,-27.7299880981445
3.86875,-27.7180671691895
3.87541666666667,-27.7118682861328
3.88208333333333,-27.705192565918
3.88875,-27.6970863342285
3.89541666666667,-27.6894569396973
3.90208333333333,-27.6837348937988
3.90875,-27.6799201965332
3.91541666666667,-27.6761054992676
3.92208333333333,-27.672290802002
3.92875,-27.6699066162109
3.93541666666667,-27.6684761047363
3.94208333333333,-27.6675224304199
3.94875,-27.6598930358887
3.95541666666667,-27.6432037353516
3.96208333333333,-27.6203155517578
3.96875,-27.5945663452148
3.97541666666667,-27.5688171386719
3.98208333333333,-27.5449752807617
3.98875,-27.5278091430664
3.99541666666667,-27.5192260742188
4.00208333333333,-27.5168418884277
4.00875,-27.5173187255859
4.01541666666667,-27.5187492370605
4.02208333333333,-27.5177955627441
4.02875,-27.5149345397949
4.03541666666667,-27.5111198425293
4.04208333333333,-27.5053977966309
4.04875,-27.5001525878906
4.05541666666667,-27.4953842163086
4.06208333333333,-27.4901390075684
4.06875,-27.4848937988281
4.07541666666667,-27.4806022644043
4.08208333333333,-27.4753570556641
4.08875,-27.4672508239746
4.09541666666667,-27.4572372436523
4.10208333333333,-27.4486541748047
4.10875,-27.4386405944824
4.11541666666667,-27.4271965026855
4.12208333333333,-27.4124145507813
4.12875,-27.400016784668
4.13541666666667,-27.3890495300293
4.14208333333333,-27.3733139038086
4.14875,-27.3504257202148
4.15541666666667,-27.3208618164063
4.16208333333333,-27.2903442382813
4.16875,-27.2598266601563
4.17541666666667,-27.2302627563477
4.18208333333333,-27.2068977355957
4.18875,-27.1921157836914
4.19541666666667,-27.1854400634766
4.20208333333333,-27.1801948547363
4.20875,-27.1749496459961
4.21541666666667,-27.1711349487305
4.22208333333333,-27.167797088623
4.22875,-27.1620750427246
4.23541666666667,-27.1530151367188
4.24208333333333,-27.1458625793457
4.24875,-27.1401405334473
4.25541666666667,-27.127742767334
4.26208333333333,-27.1058082580566
4.26875,-27.0786285400391
4.27541666666667,-27.0485877990723
4.28208333333333,-27.015209197998
4.28875,-26.9789695739746
4.29541666666667,-26.949405670166
4.30208333333333,-26.9308090209961
4.30875,-26.9241333007813
4.31541666666667,-26.9255638122559
4.32208333333333,-26.9341468811035
4.32875,-26.9465446472168
4.33541666666667,-26.9579887390137
4.34208333333333,-26.9627571105957
4.34875,-26.9618034362793
4.35541666666667,-26.9579887390137
4.36208333333333,-26.9536972045898
4.36875,-26.9474983215332
4.37541666666667,-26.9374847412109
4.38208333333333,-26.9231796264648
4.38875,-26.9041061401367
4.39541666666667,-26.883602142334
4.40208333333333,-26.8616676330566
4.40875,-26.8383026123047
4.41541666666667,-26.8158912658691
4.42208333333333,-26.7972946166992
4.42875,-26.7829895019531
4.43541666666667,-26.7667770385742
4.44208333333333,-26.7448425292969
4.44875,-26.7190933227539
4.45541666666667,-26.6919136047363
4.46208333333333,-26.6633033752441
4.46875,-26.6361236572266
4.47541666666667,-26.6127586364746
4.48208333333333,-26.5979766845703
4.48875,-26.5898704528809
4.49541666666667,-26.5841484069824
4.50208333333333,-26.576042175293
4.50875,-26.5636444091797
4.51541666666667,-26.5460014343262
4.52208333333333,-26.5235900878906
4.52875,-26.4992713928223
4.53541666666667,-26.4754295349121
4.54208333333333,-26.4558792114258
4.54875,-26.4387130737305
4.55541666666667,-26.4229774475098
4.56208333333333,-26.4081954956055
4.56875,-26.3943672180176
4.57541666666667,-26.3795852661133
4.58208333333333,-26.3633728027344
4.58875,-26.3462066650391
4.59541666666667,-26.3285636901855
4.60208333333333,-26.3099670410156
4.60875,-26.2889862060547
4.61541666666667,-26.2670516967773
4.62208333333333,-26.2460708618164
4.62875,-26.2246131896973
4.63541666666667,-26.2012481689453
4.64208333333333,-26.1745452880859
4.64875,-26.1497497558594
4.65541666666667,-26.127815246582
4.66208333333333,-26.1087417602539
4.66875,-26.0930061340332
4.67541666666667,-26.0839462280273
4.68208333333333,-26.0829925537109
4.68875,-26.0839462280273
4.69541666666667,-26.0820388793945
4.70208333333333,-26.0772705078125
4.70875,-26.0710716247559
4.71541666666667,-26.06201171875
4.72208333333333,-26.0486602783203
4.72875,-26.0329246520996
4.73541666666667,-26.0190963745117
4.74208333333333,-26.0071754455566
4.74875,-25.9976387023926
4.75541666666667,-25.9933471679688
4.76208333333333,-25.9904861450195
4.76875,-25.9833335876465
4.77541666666667,-25.9733200073242
4.78208333333333,-25.9609222412109
4.78875,-25.9437561035156
4.79541666666667,-25.9175300598145
4.80208333333333,-25.8865356445313
4.80875,-25.8588790893555
4.81541666666667,-25.8359909057617
4.82208333333333,-25.8164405822754
4.82875,-25.7992744445801
4.83541666666667,-25.7859230041504
4.84208333333333,-25.7725715637207
4.84875,-25.7587432861328
4.85541666666667,-25.7439613342285
4.86208333333333,-25.7277488708496
4.86875,-25.7101058959961
4.87541666666667,-25.693416595459
4.88208333333333,-25.6795883178711
4.88875,-25.6638526916504
4.89541666666667,-25.6428718566895
4.90208333333333,-25.6218910217285
4.90875,-25.6104469299316
4.91541666666667,-25.6094932556152
4.92208333333333,-25.611400604248
4.92875,-25.6104469299316
4.93541666666667,-25.6075859069824
4.94208333333333,-25.601863861084
4.94875,-25.5870819091797
4.95541666666667,-25.5608558654785
4.96208333333333,-25.5308151245117
4.96875,-25.505542755127
4.97541666666667,-25.4855155944824
4.98208333333333,-25.4678726196289
4.98875,-25.449275970459
4.99541666666667,-25.4306793212891
5.00208333333333,-25.4130363464355
5.00875,-25.3939628601074
5.01541666666667,-25.3729820251465
5.02208333333333,-25.3510475158691
5.02875,-25.3291130065918
5.03541666666667,-25.3095626831055
5.04208333333333,-25.2947807312012
5.04875,-25.2885818481445
5.05541666666667,-25.2890586853027
5.06208333333333,-25.2928733825684
5.06875,-25.2971649169922
5.07541666666667,-25.299072265625
5.08208333333333,-25.2928733825684
5.08875,-25.2723693847656
5.09541666666667,-25.242805480957
5.10208333333333,-25.2118110656738
5.10875,-25.1836776733398
5.11541666666667,-25.1612663269043
5.12208333333333,-25.146484375
5.12875,-25.1407623291016
5.13541666666667,-25.1364707946777
5.14208333333333,-25.1240730285645
5.14875,-25.0968933105469
5.15541666666667,-25.0554084777832
5.16208333333333,-25.0048637390137
5.16875,-24.9547958374023
5.17541666666667,-24.9180793762207
5.18208333333333,-24.9032974243164
5.18875,-24.9137878417969
5.19541666666667,-24.9438285827637
5.20208333333333,-24.9862670898438
5.20875,-25.0301361083984
5.21541666666667,-25.0658988952637
5.22208333333333,-25.0897407531738
5.22875,-25.1021385192871
5.23541666666667,-25.0992774963379
5.24208333333333,-25.0716209411621
5.24875,-25.0082015991211
5.25541666666667,-24.8932838439941
5.26208333333333,-24.7187614440918
5.26875,-24.4956016540527
5.27541666666667,-24.2571830749512
5.28208333333333,-24.050235748291
5.28875,-23.9129066467285
5.29541666666667,-23.8733291625977
5.30208333333333,-23.9367485046387
5.30875,-24.0850448608398
5.31541666666667,-24.2800712585449
5.32208333333333,-24.4760513305664
5.32875,-24.6381759643555
5.33541666666667,-24.7535705566406
5.34208333333333,-24.8246192932129
5.34875,-24.8584747314453
5.35541666666667,-24.8637199401855
5.36208333333333,-24.8513221740723
5.36875,-24.8308181762695
5.37541666666667,-24.7964859008789
5.38208333333333,-24.7340202331543
5.38875,-24.6272087097168
5.39541666666667,-24.4688987731934
5.40208333333333,-24.261474609375
5.40875,-24.0335464477539
5.41541666666667,-23.8347053527832
5.42208333333333,-23.709774017334
5.42875,-23.6825942993164
5.43541666666667,-23.7536430358887
5.44208333333333,-23.9048004150391
5.44875,-24.0955352783203
5.45541666666667,-24.2795944213867
5.46208333333333,-24.4259834289551
5.46875,-24.5256423950195
5.47541666666667,-24.5852470397949
5.48208333333333,-24.6167182922363
5.48875,-24.6343612670898
5.49541666666667,-24.6438980102539
5.50208333333333,-24.6419906616211
5.50875,-24.6257781982422
5.51541666666667,-24.6014595031738
5.52208333333333,-24.573802947998
5.52875,-24.5423316955566
5.53541666666667,-24.5065689086914
5.54208333333333,-24.472713470459
5.54875,-24.4450569152832
5.55541666666667,-24.4216918945313
5.56208333333333,-24.3992805480957
5.56875,-24.3725776672363
5.57541666666667,-24.3382453918457
5.58208333333333,-24.2915153503418
5.58875,-24.233341217041
5.59541666666667,-24.172306060791
5.60208333333333,-24.1146087646484
5.60875,-24.0702629089355
5.61541666666667,-24.0440368652344
5.62208333333333,-24.040699005127
5.62875,-24.0564346313477
5.63541666666667,-24.083137512207
5.64208333333333,-24.1122245788574
5.64875,-24.1360664367676
5.65541666666667,-24.1513252258301
5.66208333333333,-24.1584777832031
5.66875,-24.1613388061523
5.67541666666667,-24.1599082946777
5.68208333333333,-24.1575241088867
5.68875,-24.1565704345703
5.69541666666667,-24.1575241088867
5.70208333333333,-24.1580009460449
5.70875,-24.1537094116211
5.71541666666667,-24.1432189941406
5.72208333333333,-24.1231918334961
5.72875,-24.0921974182129
5.73541666666667,-24.050235748291
5.74208333333333,-24.0025520324707
5.74875,-23.958683013916
5.75541666666667,-23.9272117614746
5.76208333333333,-23.9124298095703
5.76875,-23.9124298095703
5.77541666666667,-23.9214897155762
5.78208333333333,-23.9315032958984
5.78875,-23.9372253417969
5.79541666666667,-23.932933807373
5.80208333333333,-23.9181518554688
5.80875,-23.8990783691406
5.81541666666667,-23.8838195800781
5.82208333333333,-23.8742828369141
5.82875,-23.8680839538574
5.83541666666667,-23.8642692565918
5.84208333333333,-23.8633155822754
5.84875,-23.862361907959
5.85541666666667,-23.862361907959
5.86208333333333,-23.8595008850098
5.86875,-23.8571166992188
5.87541666666667,-23.8537788391113
5.88208333333333,-23.8471031188965
5.88875,-23.8380432128906
5.89541666666667,-23.8251686096191
5.90208333333333,-23.8103866577148
5.90875,-23.7903594970703
5.91541666666667,-23.7674713134766
5.92208333333333,-23.747444152832
5.92875,-23.7250328063965
5.93541666666667,-23.686408996582
5.94208333333333,-23.5943794250488
5.94875,-23.350715637207
5.95541666666667,-22.705078125
5.96208333333333,-21.1343765258789
5.96875,-17.7040100097656
5.97541666666667,-10.9744071960449
5.98208333333333,0.923633575439453
5.98875,19.9451446533203
5.99541666666667,47.4743843078613
6.00208333333333,83.4479331970215
6.00875,125.496864318848
6.01541666666667,168.606758117676
6.02208333333333,205.775737762451
6.02875,229.823112487793
6.03541666666667,235.663414001465
6.04208333333333,221.996784210205
6.04875,191.664695739746
6.05541666666667,150.718212127686
6.06208333333333,106.662273406982
6.06875,66.3614273071289
6.07541666666667,34.2874526977539
6.08208333333333,11.8012428283691
6.08875,-2.26974487304688
6.09541666666667,-10.3011131286621
6.10208333333333,-14.6455764770508
6.10875,-17.0063972473145
6.11541666666667,-18.3782577514648
6.12208333333333,-19.2561149597168
6.12875,-19.8655128479004
6.13541666666667,-20.3108787536621
6.14208333333333,-20.6441879272461
6.14875,-20.8911895751953
6.15541666666667,-21.0704803466797
6.16208333333333,-21.1954116821289
6.16875,-21.275520324707
6.17541666666667,-21.3141441345215
6.18208333333333,-21.3236808776855
6.18875,-21.3255882263184
6.19541666666667,-21.3456153869629
6.20208333333333,-21.3980674743652
6.20875,-21.4858055114746
6.21541666666667,-21.6007232666016
6.22208333333333,-21.7280387878418
6.22875,-21.8486785888672
6.23541666666667,-21.9478607177734
6.24208333333333,-22.0160484313965
6.24875,-22.0546722412109
6.25541666666667,-22.0737457275391
6.26208333333333,-22.0837593078613
6.26875,-22.0861434936523
6.27541666666667,-22.0723152160645
6.28208333333333,-22.0317840576172
6.28875,-21.9578742980957
6.29541666666667,-21.8496322631836
6.30208333333333,-21.7123031616211
6.30875,-21.5635299682617
6.31541666666667,-21.4328765869141
6.32208333333333,-21.3537216186523
6.32875,-21.3470458984375
6.33541666666667,-21.4085578918457
6.34208333333333,-21.5191841125488
6.34875,-21.6536521911621
6.35541666666667,-21.784782409668
6.36208333333333,-21.8901634216309
6.36875,-21.9597816467285
6.37541666666667,-21.9993591308594
6.38208333333333,-22.0222473144531
6.38875,-22.0365524291992
6.39541666666667,-22.0508575439453
6.40208333333333,-22.0627784729004
6.40875,-22.068977355957
6.41541666666667,-22.068977355957
6.42208333333333,-22.0651626586914
6.42875,-22.064208984375
6.43541666666667,-22.066593170166
6.44208333333333,-22.0727920532227
6.44875,-22.0799446105957
6.45541666666667,-22.0851898193359
6.46208333333333,-22.0856666564941
6.46875,-22.0770835876465
6.47541666666667,-22.057056427002
6.48208333333333,-22.0279693603516
6.48875,-22.0012664794922
6.49541666666667,-21.9869613647461
6.50208333333333,-21.9874382019043
6.50875,-22.0012664794922
6.51541666666667,-22.0255851745605
6.52208333333333,-22.057056427002
6.52875,-22.0890045166016
6.53541666666667,-22.1171379089355
6.54208333333333,-22.1390724182129
6.54875,-22.1524238586426
6.55541666666667,-22.1600532531738
6.56208333333333,-22.1624374389648
6.56875,-22.1600532531738
6.57541666666667,-22.1519470214844
6.58208333333333,-22.1381187438965
6.58875,-22.1238136291504
6.59541666666667,-22.1080780029297
6.60208333333333,-22.0932960510254
6.60875,-22.0808982849121
6.61541666666667,-22.0727920532227
6.62208333333333,-22.0694541931152
6.62875,-22.066593170166
6.63541666666667,-22.0661163330078
6.64208333333333,-22.0656394958496
6.64875,-22.0627784729004
6.65541666666667,-22.0546722412109
6.66208333333333,-22.0456123352051
6.66875,-22.038459777832
6.67541666666667,-22.0327377319336
6.68208333333333,-22.0279693603516
6.68875,-22.0251083374023
6.69541666666667,-22.0232009887695
6.70208333333333,-22.0222473144531
6.70875,-22.0184326171875
6.71541666666667,-22.0131874084473
6.72208333333333,-22.0065116882324
6.72875,-21.9979286193848
6.73541666666667,-21.9845771789551
6.74208333333333,-21.967887878418
6.74875,-21.9488143920898
6.75541666666667,-21.9283103942871
6.76208333333333,-21.9058990478516
6.76875,-21.8853950500488
6.77541666666667,-21.8687057495117
6.78208333333333,-21.8558311462402
6.78875,-21.845817565918
6.79541666666667,-21.8377113342285
6.80208333333333,-21.8329429626465
6.80875,-21.8291282653809
6.81541666666667,-21.8243598937988
6.82208333333333,-21.8162536621094
6.82875,-21.8057632446289
6.83541666666667,-21.7957496643066
6.84208333333333,-21.7843055725098
6.84875,-21.7700004577637
6.85541666666667,-21.7556953430176
6.86208333333333,-21.7437744140625
6.86875,-21.7347145080566
6.87541666666667,-21.7242240905762
6.88208333333333,-21.7089653015137
6.88875,-21.6894149780273
6.89541666666667,-21.6660499572754
6.90208333333333,-21.6422080993652
6.90875,-21.6174125671387
6.91541666666667,-21.5959548950195
6.92208333333333,-21.578311920166
6.92875,-21.5682983398438
6.93541666666667,-21.5606689453125
6.94208333333333,-21.5520858764648
6.94875,-21.5401649475098
6.95541666666667,-21.5239524841309
6.96208333333333,-21.5086936950684
6.96875,-21.4934349060059
6.97541666666667,-21.479606628418
6.98208333333333,-21.4676856994629
6.98875,-21.456241607666
6.99541666666667,-21.4438438415527
7.00208333333333,-21.4295387268066
7.00875,-21.4128494262695
7.01541666666667,-21.3966369628906
7.02208333333333,-21.3780403137207
7.02875,-21.3584899902344
7.03541666666667,-21.3398933410645
7.04208333333333,-21.3227272033691
7.04875,-21.3055610656738
7.05541666666667,-21.2855339050293
7.06208333333333,-21.2669372558594
7.06875,-21.2516784667969
7.07541666666667,-21.235466003418
7.08208333333333,-21.2154388427734
7.08875,-21.1939811706543
7.09541666666667,-21.1749076843262
7.10208333333333,-21.1572647094727
7.10875,-21.1377143859863
7.11541666666667,-21.1167335510254
7.12208333333333,-21.0976600646973
7.12875,-21.0776329040527
7.13541666666667,-21.0542678833008
7.14208333333333,-21.026611328125
7.14875,-20.9956169128418
7.15541666666667,-20.9617614746094
7.16208333333333,-20.9197998046875
7.16875,-20.8706855773926
7.17541666666667,-20.815372467041
7.18208333333333,-20.7605361938477
7.18875,-20.7085609436035
7.19541666666667,-20.6670761108398
7.20208333333333,-20.6437110900879
7.20875,-20.632266998291
7.21541666666667,-20.625114440918
7.22208333333333,-20.6146240234375
7.22875,-20.6012725830078
7.23541666666667,-20.5802917480469
7.24208333333333,-20.5473899841309
7.24875,-20.5097198486328
7.25541666666667,-20.4792022705078
7.26208333333333,-20.4625129699707
7.26875,-20.4586982727051
7.27541666666667,-20.4677581787109
7.28208333333333,-20.4925537109375
7.28875,-20.5268859863281
7.29541666666667,-20.561695098877
7.30208333333333,-20.5860137939453
7.30875,-20.5926895141602
7.31541666666667,-20.5793380737305
7.32208333333333,-20.5469131469727
7.32875,-20.500659942627
7.33541666666667,-20.449161529541
7.34208333333333,-20.4067230224609
7.34875,-20.383358001709
7.35541666666667,-20.378589630127
7.36208333333333,-20.388126373291
7.36875,-20.4086303710938
7.37541666666667,-20.4329490661621
7.38208333333333,-20.4501152038574
7.38875,-20.453929901123
7.39541666666667,-20.4472541809082
7.40208333333333,-20.4358100891113
7.40875,-20.4215049743652
7.41541666666667,-20.4043388366699
7.42208333333333,-20.3852653503418
7.42875,-20.3633308410645
7.43541666666667,-20.3390121459961
7.44208333333333,-20.3089714050293
7.44875,-20.2722549438477
7.45541666666667,-20.2317237854004
7.46208333333333,-20.1930999755859
7.46875,-20.1611518859863
7.47541666666667,-20.1363563537598
7.48208333333333,-20.1163291931152
7.48875,-20.1034545898438
7.49541666666667,-20.0967788696289
7.50208333333333,-20.0929641723633
7.50875,-20.0881958007813
7.51541666666667,-20.0800895690918
7.52208333333333,-20.0700759887695
7.52875,-20.0557708740234
7.53541666666667,-20.0400352478027
7.54208333333333,-20.0252532958984
7.54875,-20.0099945068359
7.55541666666667,-19.9928283691406
7.56208333333333,-19.9723243713379
7.56875,-19.9542045593262
7.57541666666667,-19.9356079101563
7.58208333333333,-19.9151039123535
7.58875,-19.8955535888672
7.59541666666667,-19.8807716369629
7.60208333333333,-19.8726654052734
7.60875,-19.864559173584
7.61541666666667,-19.8545455932617
7.62208333333333,-19.841194152832
7.62875,-19.8264122009277
7.63541666666667,-19.808292388916
7.64208333333333,-19.7873115539551
7.64875,-19.7653770446777
7.65541666666667,-19.744873046875
7.66208333333333,-19.7267532348633
7.66875,-19.7081565856934
7.67541666666667,-19.6871757507324
7.68208333333333,-19.6638107299805
7.68875,-19.6361541748047
7.69541666666667,-19.6080207824707
7.70208333333333,-19.5789337158203
7.70875,-19.5508003234863
7.71541666666667,-19.5226669311523
7.72208333333333,-19.4950103759766
7.72875,-19.4687843322754
7.73541666666667,-19.4411277770996
7.74208333333333,-19.4087028503418
7.74875,-19.3686485290527
7.75541666666667,-19.3228721618652
7.76208333333333,-19.2723274230957
7.76875,-19.2146301269531
7.77541666666667,-19.1459655761719
7.78208333333333,-19.0668106079102
7.78875,-18.9762115478516
7.79541666666667,-18.8755989074707
7.80208333333333,-18.770694732666
7.80875,-18.6781883239746
7.81541666666667,-18.6190605163574
7.82208333333333,-18.6052322387695
7.82875,-18.6376571655273
7.83541666666667,-18.7087059020996
7.84208333333333,-18.805980682373
7.84875,-18.9089775085449
7.85541666666667,-18.9943313598633
7.86208333333333,-19.0505981445313
7.86875,-19.0811157226563
7.87541666666667,-19.0939903259277
7.88208333333333,-19.0935134887695
7.88875,-19.0854072570801
7.89541666666667,-19.0768241882324
7.90208333333333,-19.066333770752
7.90875,-19.0520286560059
7.91541666666667,-19.0329551696777
7.92208333333333,-19.012451171875
7.92875,-18.989086151123
7.93541666666667,-18.9623832702637
7.94208333333333,-18.9380645751953
7.94875,-18.9208984375
7.95541666666667,-18.9104080200195
7.96208333333333,-18.9008712768555
7.96875,-18.8922882080078
7.97541666666667,-18.8841819763184
7.98208333333333,-18.8765525817871
7.98875,-18.8636779785156
7.99541666666667,-18.8455581665039
8.00208333333333,-18.8250541687012
8.00875,-18.8050270080566
8.01541666666667,-18.7854766845703
8.02208333333333,-18.7649726867676
8.02875,-18.7468528747559
8.03541666666667,-18.7320709228516
8.04208333333333,-18.7191963195801
8.04875,-18.7067985534668
8.05541666666667,-18.6953544616699
8.06208333333333,-18.6848640441895
8.06875,-18.6724662780762
8.07541666666667,-18.6562538146973
8.08208333333333,-18.639087677002
8.08875,-18.6209678649902
8.09541666666667,-18.6009407043457
8.10208333333333,-18.5790061950684
8.10875,-18.5551643371582
8.11541666666667,-18.5332298278809
8.12208333333333,-18.5151100158691
8.12875,-18.5017585754395
8.13541666666667,-18.496036529541
8.14208333333333,-18.4922218322754
8.14875,-18.4884071350098
8.15541666666667,-18.4826850891113
8.16208333333333,-18.4764862060547
8.16875,-18.4645652770996
8.17541666666667,-18.4426307678223
8.18208333333333,-18.4144973754883
8.18875,-18.3854103088379
8.19541666666667,-18.3601379394531
8.20208333333333,-18.3348655700684
8.20875,-18.3124542236328
8.21541666666667,-18.2976722717285
8.22208333333333,-18.2909965515137
8.22875,-18.2852745056152
8.23541666666667,-18.2762145996094
8.24208333333333,-18.2614326477051
8.24875,-18.2394981384277
8.25541666666667,-18.2127952575684
8.26208333333333,-18.1841850280762
8.26875,-18.157958984375
8.27541666666667,-18.134593963623
8.28208333333333,-18.1145668029785
8.28875,-18.0974006652832
8.29541666666667,-18.0826187133789
8.30208333333333,-18.068790435791
8.30875,-18.0521011352539
8.31541666666667,-18.0315971374512
8.32208333333333,-18.0096626281738
8.32875,-17.9915428161621
8.33541666666667,-17.9753303527832
8.34208333333333,-17.9553031921387
8.34875,-17.9333686828613
8.35541666666667,-17.9142951965332
8.36208333333333,-17.8971290588379
8.36875,-17.8771018981934
8.37541666666667,-17.855167388916
8.38208333333333,-17.8351402282715
8.38875,-17.8179740905762
8.39541666666667,-17.7984237670898
8.40208333333333,-17.7764892578125
8.40875,-17.7550315856934
8.41541666666667,-17.735481262207
8.42208333333333,-17.7159309387207
8.42875,-17.6959037780762
8.43541666666667,-17.674446105957
8.44208333333333,-17.6534652709961
8.44875,-17.634391784668
8.45541666666667,-17.6162719726563
8.46208333333333,-17.5962448120117
8.46875,-17.5747871398926
8.47541666666667,-17.5561904907227
8.48208333333333,-17.5395011901855
8.48875,-17.5223350524902
8.49541666666667,-17.5051689147949
8.50208333333333,-17.4870491027832
8.50875,-17.4698829650879
8.51541666666667,-17.451286315918
8.52208333333333,-17.4307823181152
8.52875,-17.4093246459961
8.53541666666667,-17.3883438110352
8.54208333333333,-17.3702239990234
8.54875,-17.3535346984863
8.55541666666667,-17.3358917236328
8.56208333333333,-17.3177719116211
8.56875,-17.3001289367676
8.57541666666667,-17.2810554504395
8.58208333333333,-17.2586441040039
8.58875,-17.2338485717773
8.59541666666667,-17.2109603881836
8.60208333333333,-17.1904563903809
8.60875,-17.1694755554199
8.61541666666667,-17.1475410461426
8.62208333333333,-17.1265602111816
8.62875,-17.1089172363281
8.63541666666667,-17.0931816101074
8.64208333333333,-17.0760154724121
8.64875,-17.0578956604004
8.65541666666667,-17.0407295227051
8.66208333333333,-17.0235633850098
8.66875,-17.0068740844727
8.67541666666667,-16.9878005981445
8.68208333333333,-16.9706344604492
8.68875,-16.9568061828613
8.69541666666667,-16.9439315795898
8.70208333333333,-16.9281959533691
8.70875,-16.9081687927246
8.71541666666667,-16.8914794921875
8.72208333333333,-16.8757438659668
8.72875,-16.8571472167969
8.73541666666667,-16.8342590332031
8.74208333333333,-16.8113708496094
8.74875,-16.789436340332
8.75541666666667,-16.7632102966309
8.76208333333333,-16.7341232299805
8.76875,-16.7078971862793
8.77541666666667,-16.6869163513184
8.78208333333333,-16.667366027832
8.78875,-16.6454315185547
8.79541666666667,-16.6234970092773
8.80208333333333,-16.6006088256836
8.80875,-16.5753364562988
8.81541666666667,-16.547679901123
8.82208333333333,-16.5195465087891
8.82875,-16.4952278137207
8.83541666666667,-16.4718627929688
8.84208333333333,-16.4456367492676
8.84875,-16.4155960083008
8.85541666666667,-16.3817405700684
8.86208333333333,-16.3450241088867
8.86875,-16.3044929504395
8.87541666666667,-16.2591934204102
8.88208333333333,-16.2086486816406
8.88875,-16.1504745483398
8.89541666666667,-16.0808563232422
8.90208333333333,-15.995979309082
8.90875,-15.8901214599609
8.91541666666667,-15.7656669616699
8.92208333333333,-15.6359672546387
8.92875,-15.5229568481445
8.93541666666667,-15.4476165771484
8.94208333333333,-15.4218673706055
8.94875,-15.4523849487305
8.95541666666667,-15.5282020568848
8.96208333333333,-15.6288146972656
8.96875,-15.7308578491211
8.97541666666667,-15.8157348632813
8.98208333333333,-15.8743858337402
8.98875,-15.9034729003906
8.99541666666667,-15.9111022949219
9.00208333333333,-15.906810760498
9.00875,-15.8987045288086
9.01541666666667,-15.8863067626953
9.02208333333333,-15.8729553222656
9.02875,-15.8586502075195
9.03541666666667,-15.8424377441406
9.04208333333333,-15.8238410949707
9.04875,-15.803337097168
9.05541666666667,-15.7833099365234
9.06208333333333,-15.7585144042969
9.06875,-15.7289505004883
9.07541666666667,-15.6998634338379
9.08208333333333,-15.6741142272949
9.08875,-15.6474113464355
9.09541666666667,-15.6126022338867
9.10208333333333,-15.5701637268066
9.10875,-15.5253410339355
9.11541666666667,-15.4824256896973
9.12208333333333,-15.4423713684082
9.12875,-15.4070854187012
9.13541666666667,-15.3813362121582
9.14208333333333,-15.3694152832031
9.14875,-15.3689384460449
9.15541666666667,-15.376091003418
9.16208333333333,-15.3837203979492
9.16875,-15.3903961181641
9.17541666666667,-15.3913497924805
9.18208333333333,-15.3851509094238
9.18875,-15.3679847717285
9.19541666666667,-15.3403282165527
9.20208333333333,-15.3050422668457
9.20875,-15.2654647827148
9.21541666666667,-15.2263641357422
9.22208333333333,-15.1901245117188
9.22875,-15.1586532592773
9.23541666666667,-15.1338577270508
9.24208333333333,-15.1119232177734
9.24875,-15.0914192199707
9.25541666666667,-15.073299407959
9.26208333333333,-15.0580406188965
9.26875,-15.0437355041504
9.27541666666667,-15.0299072265625
9.28208333333333,-15.0156021118164
9.28875,-15.0012969970703
9.29541666666667,-14.9831771850586
9.30208333333333,-14.9612426757813
9.30875,-14.9383544921875
9.31541666666667,-14.9154663085938
9.32208333333333,-14.892578125
9.32875,-14.869213104248
9.33541666666667,-14.8515701293945
9.34208333333333,-14.838695526123
9.34875,-14.8253440856934
9.35541666666667,-14.8077011108398
9.36208333333333,-14.7886276245117
9.36875,-14.7690773010254
9.37541666666667,-14.7476196289063
9.38208333333333,-14.7218704223633
9.38875,-14.6965980529785
9.39541666666667,-14.6756172180176
9.40208333333333,-14.6570205688477
9.40875,-14.6365165710449
9.41541666666667,-14.6121978759766
9.42208333333333,-14.5835876464844
9.42875,-14.5535469055176
9.43541666666667,-14.5235061645508
9.44208333333333,-14.495849609375
9.44875,-14.4734382629395
9.45541666666667,-14.4557952880859
9.46208333333333,-14.4424438476563
9.46875,-14.4295692443848
9.47541666666667,-14.4128799438477
9.48208333333333,-14.3909454345703
9.48875,-14.3647193908691
9.49541666666667,-14.3365859985352
9.50208333333333,-14.3074989318848
9.50875,-14.2769813537598
9.51541666666667,-14.2459869384766
9.52208333333333,-14.2168998718262
9.52875,-14.190673828125
9.53541666666667,-14.1668319702148
9.54208333333333,-14.1429901123047
9.54875,-14.1181945800781
9.55541666666667,-14.0910148620605
9.56208333333333,-14.0628814697266
9.56875,-14.0352249145508
9.57541666666667,-14.0089988708496
9.58208333333334,-13.9846801757813
9.58875,-13.9641761779785
9.59541666666667,-13.948917388916
9.60208333333333,-13.9360427856445
9.60875,-13.9226913452148
9.61541666666667,-13.9093399047852
9.62208333333333,-13.8998031616211
9.62875,-13.8936042785645
9.63541666666667,-13.8874053955078
9.64208333333333,-13.8797760009766
9.64875,-13.8726234436035
9.65541666666667,-13.8635635375977
9.66208333333333,-13.8516426086426
9.66875,-13.8397216796875
9.67541666666667,-13.8339996337891
9.68208333333333,-13.8392448425293
9.68875,-13.8545036315918
9.69541666666667,-13.8792991638184
9.70208333333333,-13.9102935791016
9.70875,-13.946533203125
9.71541666666667,-13.9861106872559
9.72208333333333,-14.0266418457031
9.72875,-14.0676498413086
9.73541666666667,-14.1096115112305
9.74208333333333,-14.155387878418
9.74875,-14.2064094543457
9.75541666666667,-14.2617225646973
9.76208333333333,-14.3208503723145
9.76875,-14.3780708312988
9.77541666666667,-14.4319534301758
9.78208333333333,-14.4820213317871
9.78875,-14.5301818847656
9.79541666666667,-14.5769119262695
9.80208333333333,-14.6241188049316
9.80875,-14.6737098693848
9.81541666666667,-14.7256851196289
9.82208333333333,-14.7790908813477
9.82875,-14.8329734802246
9.83541666666667,-14.885425567627
9.84208333333333,-14.9345397949219
9.84875,-14.9846076965332
9.85541666666667,-15.0384902954102
9.86208333333333,-15.0957107543945
9.86875,-15.1515007019043
9.87541666666667,-15.2034759521484
9.88208333333333,-15.2521133422852
9.88875,-15.2988433837891
9.89541666666667,-15.3427124023438
9.90208333333333,-15.380859375
9.90875,-15.413761138916
9.91541666666667,-15.4447555541992
9.92208333333333,-15.4743194580078
9.92875,-15.5010223388672
9.93541666666667,-15.526294708252
9.94208333333333,-15.5529975891113
9.94875,-15.5844688415527
9.95541666666667,-15.6230926513672
9.96208333333333,-15.6674385070801
9.96875,-15.7155990600586
9.97541666666667,-15.7618522644043
9.98208333333333,-15.8076286315918
9.98875,-15.8567428588867
9.99541666666667,-15.9063339233398
10.0020833333333,-15.9506797790527
10.00875,-15.988826751709
10.0154166666667,-16.026496887207
10.0220833333333,-16.0622596740723
10.02875,-16.0918235778809
10.0354166666667,-16.1142349243164
10.0420833333333,-16.1309242248535
10.04875,-16.143798828125
10.0554166666667,-16.1557197570801
10.0620833333333,-16.1705017089844
10.06875,-16.1881446838379
10.0754166666667,-16.2091255187988
10.0820833333333,-16.2334442138672
10.08875,-16.261100769043
10.0954166666667,-16.2897109985352
10.1020833333333,-16.3159370422363
10.10875,-16.3397789001465
10.1154166666667,-16.3588523864746
10.1220833333333,-16.3750648498535
10.12875,-16.3941383361816
10.1354166666667,-16.4141654968262
10.1420833333333,-16.4303779602051
10.14875,-16.4413452148438
10.1554166666667,-16.4523124694824
10.1620833333333,-16.4670944213867
10.16875,-16.4813995361328
10.1754166666667,-16.4961814880371
10.1820833333333,-16.5119171142578
10.18875,-16.5286064147949
10.1954166666667,-16.5457725524902
10.2020833333333,-16.5615081787109
10.20875,-16.5786743164063
10.2154166666667,-16.594409942627
10.2220833333333,-16.6130065917969
10.22875,-16.634464263916
10.2354166666667,-16.6587829589844
10.2420833333333,-16.6816711425781
10.24875,-16.6997909545898
10.2554166666667,-16.7179107666016
10.2620833333333,-16.7331695556641
10.26875,-16.7455673217773
10.2754166666667,-16.756534576416
10.2820833333333,-16.7689323425293
10.28875,-16.782283782959
10.2954166666667,-16.7932510375977
10.3020833333333,-16.8042182922363
10.30875,-16.8156623840332
10.3154166666667,-16.8237686157227
10.3220833333333,-16.8309211730957
10.32875,-16.8395042419434
10.3354166666667,-16.8499946594238
10.3420833333333,-16.8585777282715
10.34875,-16.8671607971191
10.3554166666667,-16.8766975402832
10.3620833333333,-16.883373260498
10.36875,-16.8857574462891
10.3754166666667,-16.8862342834473
10.3820833333333,-16.8881416320801
10.38875,-16.8938636779785
10.3954166666667,-16.9057846069336
10.4020833333333,-16.9210433959961
10.40875,-16.9367790222168
10.4154166666667,-16.9496536254883
10.4220833333333,-16.9634819030762
10.42875,-16.9773101806641
10.4354166666667,-16.9892311096191
10.4420833333333,-16.9997215270996
10.44875,-17.0083045959473
10.4554166666667,-17.0168876647949
10.4620833333333,-17.021656036377
10.46875,-17.0202255249023
10.4754166666667,-17.0135498046875
10.4820833333333,-17.0063972473145
10.48875,-17.0049667358398
10.4954166666667,-17.0087814331055
10.5020833333333,-17.0168876647949
10.50875,-17.02880859375
10.5154166666667,-17.0464515686035
10.5220833333333,-17.0636177062988
10.52875,-17.0764923095703
10.5354166666667,-17.0841217041016
10.5420833333333,-17.0879364013672
10.54875,-17.0893669128418
10.5554166666667,-17.0903205871582
10.5620833333333,-17.0950889587402
10.56875,-17.1031951904297
10.5754166666667,-17.1151161193848
10.5820833333333,-17.1284675598145
10.58875,-17.1422958374023
10.5954166666667,-17.155647277832
10.6020833333333,-17.1661376953125
10.60875,-17.1761512756348
10.6154166666667,-17.1847343444824
10.6220833333333,-17.1947479248047
10.62875,-17.2061920166016
10.6354166666667,-17.2181129455566
10.6420833333333,-17.2290802001953
10.64875,-17.2381401062012
10.6554166666667,-17.2467231750488
10.6620833333333,-17.2548294067383
10.66875,-17.2605514526367
10.6754166666667,-17.2653198242188
10.6820833333333,-17.270565032959
10.68875,-17.2786712646484
10.6954166666667,-17.2896385192871
10.7020833333333,-17.303466796875
10.70875,-17.3196792602539
10.7154166666667,-17.3354148864746
10.7220833333333,-17.3487663269043
10.72875,-17.3592567443848
10.7354166666667,-17.366886138916
10.7420833333333,-17.371654510498
10.74875,-17.3749923706055
10.7554166666667,-17.3797607421875
10.7620833333333,-17.3888206481934
10.76875,-17.4002647399902
10.7754166666667,-17.4098014831543
10.7820833333333,-17.4155235290527
10.78875,-17.4160003662109
10.7954166666667,-17.4136161804199
10.8020833333333,-17.4074172973633
10.80875,-17.397403717041
10.8154166666667,-17.3916816711426
10.8220833333333,-17.3921585083008
10.82875,-17.3978805541992
10.8354166666667,-17.4045562744141
10.8420833333333,-17.4140930175781
10.84875,-17.4250602722168
10.8554166666667,-17.4345970153809
10.8620833333333,-17.4422264099121
10.86875,-17.4493789672852
10.8754166666667,-17.4560546875
10.8820833333333,-17.4598693847656
10.88875,-17.4646377563477
10.8954166666667,-17.4717903137207
10.9020833333333,-17.4770355224609
10.90875,-17.4803733825684
10.9154166666667,-17.4827575683594
10.9220833333333,-17.4899101257324
10.92875,-17.4999237060547
10.9354166666667,-17.5127983093262
10.9420833333333,-17.5294876098633
10.94875,-17.5490379333496
10.9554166666667,-17.5704956054688
10.9620833333333,-17.5895690917969
10.96875,-17.603874206543
10.9754166666667,-17.6129341125488
10.9820833333333,-17.6210403442383
10.98875,-17.6286697387695
10.9954166666667,-17.6348686218262
11.0020833333333,-17.6410675048828
11.00875,-17.6496505737305
11.0154166666667,-17.6572799682617
11.0220833333333,-17.6591873168945
11.02875,-17.6558494567871
11.0354166666667,-17.6525115966797
11.0420833333333,-17.6510810852051
11.04875,-17.6491737365723
11.0554166666667,-17.6496505737305
11.0620833333333,-17.6563262939453
11.06875,-17.6682472229004
11.0754166666667,-17.6782608032227
11.0820833333333,-17.6835060119629
11.08875,-17.6863670349121
11.0954166666667,-17.6906585693359
11.1020833333333,-17.6982879638672
11.10875,-17.704963684082
11.1154166666667,-17.7116394042969
11.1220833333333,-17.7230834960938
11.12875,-17.7364349365234
11.1354166666667,-17.7454948425293
11.1420833333333,-17.7478790283203
11.14875,-17.7478790283203
11.1554166666667,-17.7497863769531
11.1620833333333,-17.7502632141113
11.16875,-17.7502632141113
11.1754166666667,-17.7497863769531
11.1820833333333,-17.7493095397949
11.18875,-17.7464485168457
11.1954166666667,-17.7426338195801
11.2020833333333,-17.7383422851563
11.20875,-17.735481262207
11.2154166666667,-17.7359580993652
11.2220833333333,-17.7402496337891
11.22875,-17.7488327026367
11.2354166666667,-17.758846282959
11.2420833333333,-17.7679061889648
11.24875,-17.7741050720215
11.2554166666667,-17.7793502807617
11.2620833333333,-17.7841186523438
11.26875,-17.7898406982422
11.2754166666667,-17.7974700927734
11.2820833333333,-17.8070068359375
11.28875,-17.8179740905762
11.2954166666667,-17.8289413452148
11.3020833333333,-17.8375244140625
11.30875,-17.8432464599609
11.3154166666667,-17.8451538085938
11.3220833333333,-17.8470611572266
11.32875,-17.8465843200684
11.3354166666667,-17.8451538085938
11.3420833333333,-17.8422927856445
11.34875,-17.8389549255371
11.3554166666667,-17.8394317626953
11.3620833333333,-17.8432464599609
11.36875,-17.8470611572266
11.3754166666667,-17.8508758544922
11.3820833333333,-17.8542137145996
11.38875,-17.8570747375488
11.3954166666667,-17.8542137145996
11.4020833333333,-17.848014831543
11.40875,-17.8446769714355
11.4154166666667,-17.8470611572266
11.4220833333333,-17.8542137145996
11.42875,-17.8661346435547
11.4354166666667,-17.8818702697754
11.4420833333333,-17.8990364074707
11.44875,-17.9119110107422
11.4554166666667,-17.920970916748
11.4620833333333,-17.9300308227539
11.46875,-17.941951751709
11.4754166666667,-17.9529190063477
11.4820833333333,-17.9615020751953
11.48875,-17.9681777954102
11.4954166666667,-17.9738998413086
11.5020833333333,-17.9791450500488
11.50875,-17.9815292358398
11.5154166666667,-17.9824829101563
11.5220833333333,-17.9815292358398
11.52875,-17.9800987243652
11.5354166666667,-17.979621887207
11.5420833333333,-17.9786682128906
11.54875,-17.9786682128906
11.5554166666667,-17.9815292358398
11.5620833333333,-17.9867744445801
11.56875,-17.9929733276367
11.5754166666667,-17.9963111877441
11.5820833333333,-17.9972648620605
11.58875,-17.9967880249023
11.5954166666667,-17.9991722106934
11.6020833333333,-18.0048942565918
11.60875,-18.0130004882813
11.6154166666667,-18.0230140686035
11.6220833333333,-18.0354118347168
11.62875,-18.0449485778809
11.6354166666667,-18.0482864379883
11.6420833333333,-18.0473327636719
11.64875,-18.0459022521973
11.6554166666667,-18.0459022521973
11.6620833333333,-18.0397033691406
11.66875,-18.031120300293
11.6754166666667,-18.0234909057617
11.6820833333333,-18.0211067199707
11.68875,-18.0201530456543
11.6954166666667,-18.0168151855469
11.7020833333333,-18.0144309997559
11.70875,-18.0158615112305
11.7154166666667,-18.0191993713379
11.7220833333333,-18.0225372314453
11.72875,-18.0244445800781
11.7354166666667,-18.0292129516602
11.7420833333333,-18.0354118347168
11.74875,-18.0425643920898
11.7554166666667,-18.0511474609375
11.7620833333333,-18.059253692627
11.76875,-18.0692672729492
11.7754166666667,-18.0807113647461
11.7820833333333,-18.0916786193848
11.78875,-18.0988311767578
11.7954166666667,-18.0988311767578
11.8020833333333,-18.0950164794922
11.80875,-18.0873870849609
11.8154166666667,-18.0768966674805
11.8220833333333,-18.0635452270508
11.82875,-18.0525779724121
11.8354166666667,-18.0482864379883
11.8420833333333,-18.0459022521973
11.84875,-18.0420875549316
11.8554166666667,-18.0377960205078
11.8620833333333,-18.0392265319824
11.86875,-18.0454254150391
11.8754166666667,-18.0525779724121
11.8820833333333,-18.0611610412598
11.88875,-18.0721282958984
11.8954166666667,-18.0878639221191
11.9020833333333,-18.101692199707
11.90875,-18.1088447570801
11.9154166666667,-18.1093215942383
11.9220833333333,-18.1035995483398
11.92875,-18.0983543395996
11.9354166666667,-18.0926322937012
11.9420833333333,-18.0878639221191
11.94875,-18.0873870849609
11.9554166666667,-18.094539642334
11.9620833333333,-18.1078910827637
11.96875,-18.1183815002441
11.9754166666667,-18.1245803833008
11.9820833333333,-18.1288719177246
11.98875,-18.1317329406738
11.9954166666667,-18.1307792663574
12.0020833333333,-18.125057220459
12.00875,-18.1188583374023
12.0154166666667,-18.1140899658203
12.0220833333333,-18.1112289428711
12.02875,-18.1097984313965
12.0354166666667,-18.1083679199219
12.0420833333333,-18.1069374084473
12.04875,-18.1069374084473
12.0554166666667,-18.1093215942383
12.0620833333333,-18.1107521057129
12.06875,-18.1097984313965
12.0754166666667,-18.1102752685547
12.0820833333333,-18.1131362915039
12.08875,-18.1179046630859
12.0954166666667,-18.1198120117188
12.1020833333333,-18.1188583374023
12.10875,-18.1164741516113
12.1154166666667,-18.1126594543457
12.1220833333333,-18.1097984313965
12.12875,-18.1078910827637
12.1354166666667,-18.1069374084473
12.1420833333333,-18.1074142456055
12.14875,-18.1136131286621
12.1554166666667,-18.122673034668
12.1620833333333,-18.1283950805664
12.16875,-18.1264877319336
12.1754166666667,-18.1212425231934
12.1820833333333,-18.1140899658203
12.18875,-18.1031227111816
12.1954166666667,-18.0888175964355
12.2020833333333,-18.0768966674805
12.20875,-18.071174621582
12.2154166666667,-18.0716514587402
12.2220833333333,-18.0768966674805
12.22875,-18.0830955505371
12.2354166666667,-18.0878639221191
12.2420833333333,-18.0916786193848
12.24875,-18.0935859680176
12.2554166666667,-18.092155456543
12.2620833333333,-18.0873870849609
12.26875,-18.0835723876953
12.2754166666667,-18.0854797363281
12.2820833333333,-18.0883407592773
12.28875,-18.0907249450684
12.2954166666667,-18.0940628051758
12.3020833333333,-18.0988311767578
12.30875,-18.1021690368652
12.3154166666667,-18.1021690368652
12.3220833333333,-18.1045532226563
12.32875,-18.1112289428711
12.3354166666667,-18.1188583374023
12.3420833333333,-18.1245803833008
12.34875,-18.12744140625
12.3554166666667,-18.1293487548828
12.3620833333333,-18.12744140625
12.36875,-18.1212425231934
12.3754166666667,-18.1112289428711
12.3820833333333,-18.099308013916
12.38875,-18.0864334106445
12.3954166666667,-18.0716514587402
12.4020833333333,-18.0606842041016
12.40875,-18.0530548095703
12.4154166666667,-18.0478096008301
12.4220833333333,-18.0411338806152
12.42875,-18.0354118347168
12.4354166666667,-18.0330276489258
12.4420833333333,-18.0306434631348
12.44875,-18.0273056030273
12.4554166666667,-18.0230140686035
12.4620833333333,-18.0239677429199
12.46875,-18.0282592773438
12.4754166666667,-18.0301666259766
12.4820833333333,-18.0249214172363
12.48875,-18.0153846740723
12.4954166666667,-18.00537109375
12.5020833333333,-17.9972648620605
12.50875,-17.9915428161621
12.5154166666667,-17.9853439331055
12.5220833333333,-17.979621887207
12.52875,-17.9729461669922
12.5354166666667,-17.9681777954102
12.5420833333333,-17.9634094238281
12.54875,-17.9557800292969
12.5554166666667,-17.9495811462402
12.5620833333333,-17.949104309082
12.56875,-17.9529190063477
12.5754166666667,-17.9500579833984
12.5820833333333,-17.939567565918
12.58875,-17.9257392883301
12.5954166666667,-17.9128646850586
12.6020833333333,-17.9014205932617
12.60875,-17.8918838500977
12.6154166666667,-17.885684967041
12.6220833333333,-17.8828239440918
12.62875,-17.8823471069336
12.6354166666667,-17.8842544555664
12.6420833333333,-17.885684967041
12.64875,-17.888069152832
12.6554166666667,-17.8952217102051
12.6620833333333,-17.9085731506348
12.66875,-17.9271697998047
12.6754166666667,-17.9495811462402
12.6820833333333,-17.9800987243652
12.68875,-18.0225372314453
12.6954166666667,-18.0792808532715
12.7020833333333,-18.1517601013184
12.70875,-18.2385444641113
12.7154166666667,-18.3377265930176
12.7220833333333,-18.4473991394043
12.72875,-18.5675621032715
12.7354166666667,-18.6986923217773
12.7420833333333,-18.8388824462891
12.74875,-18.9909934997559
12.7554166666667,-19.1550254821777
12.7620833333333,-19.3262100219727
12.76875,-19.4993019104004
12.7754166666667,-19.6738243103027
12.7820833333333,-19.8521614074707
12.78875,-20.0371742248535
12.7954166666667,-20.2255249023438
12.8020833333333,-20.418643951416
12.80875,-20.6208229064941
12.8154166666667,-20.8349227905273
12.8220833333333,-21.059513092041
12.82875,-21.2864875793457
12.8354166666667,-21.5139389038086
12.8420833333333,-21.7490196228027
12.84875,-21.9902992248535
12.8554166666667,-22.2334861755371
12.8620833333333,-22.4761962890625
12.86875,-22.7265357971191
12.8754166666667,-22.9902267456055
12.8820833333333,-23.261547088623
12.88875,-23.5357284545898
12.8954166666667,-23.8118171691895
12.9020833333333,-24.0926742553711
12.90875,-24.3744850158691
12.9154166666667,-24.6539115905762
12.9220833333333,-24.9314308166504
12.92875,-25.2113342285156
12.9354166666667,-25.4998207092285
12.9420833333333,-25.7930755615234
12.94875,-26.0906219482422
12.9554166666667,-26.390552520752
12.9620833333333,-26.6919136047363
12.96875,-26.9961357116699
12.9754166666667,-27.2974967956543
12.9820833333333,-27.5936126708984
12.98875,-27.8840065002441
12.9954166666667,-28.1729698181152
13.0020833333333,-28.4600257873535
13.00875,-28.7413597106934
13.0154166666667,-29.017448425293
13.0220833333333,-29.2901992797852
13.02875,-29.5596122741699
13.0354166666667,-29.8213958740234
13.0420833333333,-30.0755500793457
13.04875,-30.3196907043457
13.0554166666667,-30.5557250976563
13.0620833333333,-30.7831764221191
13.06875,-31.0044288635254
13.0754166666667,-31.2228202819824
13.0820833333333,-31.4373970031738
13.08875,-31.649112701416
13.0954166666667,-31.8541526794434
13.1020833333333,-32.0520401000977
13.10875,-32.2422981262207
13.1154166666667,-32.4234962463379
13.1220833333333,-32.5970649719238
13.12875,-32.7668190002441
13.1354166666667,-32.9341888427734
13.1420833333333,-33.0972671508789
13.14875,-33.2565307617188
13.1554166666667,-33.4134101867676
13.1620833333333,-33.566951751709
13.16875,-33.7128639221191
13.1754166666667,-33.8530540466309
13.1820833333333,-33.9860916137695
13.18875,-34.1100692749023
13.1954166666667,-34.2268943786621
13.2020833333333,-34.3413352966309
13.20875,-34.4533920288086
13.2154166666667,-34.5578193664551
13.2220833333333,-34.6550941467285
13.22875,-34.7485542297363
13.2354166666667,-34.8381996154785
13.2420833333333,-34.919261932373
13.24875,-34.9950790405273
13.2554166666667,-35.069465637207
13.2620833333333,-35.1462364196777
13.26875,-35.2230072021484
13.2754166666667,-35.2973937988281
13.2820833333333,-35.367488861084
13.28875,-35.4304313659668
13.2954166666667,-35.4876518249512
13.3020833333333,-35.5410575866699
13.30875,-35.5916023254395
13.3154166666667,-35.6378555297852
13.3220833333333,-35.6779098510742
13.32875,-35.7174873352051
13.3354166666667,-35.7580184936523
13.3420833333333,-35.7961654663086
13.34875,-35.8309745788574
13.3554166666667,-35.8614921569824
13.3620833333333,-35.8896255493164
13.36875,-35.9134674072266
13.3754166666667,-35.9306335449219
13.3820833333333,-35.942554473877
13.38875,-35.94970703125
13.3954166666667,-35.954475402832
13.4020833333333,-35.9563827514648
13.40875,-35.9563827514648
13.4154166666667,-35.952091217041
13.4220833333333,-35.9439849853516
13.42875,-35.9334945678711
13.4354166666667,-35.921573638916
13.4420833333333,-35.9077453613281
13.44875,-35.8915328979492
13.4554166666667,-35.8729362487793
13.4620833333333,-35.8524322509766
13.46875,-35.830020904541
13.4754166666667,-35.8052253723145
13.4820833333333,-35.7799530029297
13.48875,-35.7542037963867
13.4954166666667,-35.7270240783691
13.5020833333333,-35.6960296630859
13.50875,-35.6621742248535
13.5154166666667,-35.6230735778809
13.5220833333333,-35.5796813964844
13.52875,-35.5358123779297
13.5354166666667,-35.4938507080078
13.5420833333333,-35.4547500610352
13.54875,-35.4151725769043
13.5554166666667,-35.3751182556152
13.5620833333333,-35.3336334228516
13.56875,-35.2897644042969
13.5754166666667,-35.2416038513184
13.5820833333333,-35.189151763916
13.58875,-35.1362228393555
13.5954166666667,-35.0842475891113
13.6020833333333,-35.0337028503418
13.60875,-34.9822044372559
13.6154166666667,-34.9326133728027
13.6220833333333,-34.8868370056152
13.62875,-34.8424911499023
13.6354166666667,-34.797191619873
13.6420833333333,-34.7509384155273
13.64875,-34.7084999084473
13.6554166666667,-34.6674919128418
13.6620833333333,-34.6260070800781
13.66875,-34.5792770385742
13.6754166666667,-34.5301628112793
13.6820833333333,-34.4805717468262
13.68875,-34.4314575195313
13.6954166666667,-34.3837738037109
13.7020833333333,-34.3389511108398
13.70875,-34.2984199523926
13.7154166666667,-34.2617034912109
13.7220833333333,-34.2288017272949
13.72875,-34.1944694519043
13.7354166666667,-34.1548919677734
13.7420833333333,-34.1086387634277
13.74875,-34.0590476989746
13.7554166666667,-34.0070724487305
13.7620833333333,-33.9503288269043
13.76875,-33.8892936706543
13.7754166666667,-33.8258743286133
13.7820833333333,-33.7629318237305
13.78875,-33.7009429931641
13.7954166666667,-33.637523651123
13.8020833333333,-33.5721969604492
13.80875,-33.5049629211426
13.8154166666667,-33.4353446960449
13.8220833333333,-33.3633422851563
13.82875,-33.2880020141602
13.8354166666667,-33.2112312316895
13.8420833333333,-33.1368446350098
13.84875,-33.0648422241211
13.8554166666667,-32.9933166503906
13.8620833333333,-32.9194068908691
13.86875,-32.8431129455566
13.8754166666667,-32.7649116516113
13.8820833333333,-32.6814651489258
13.88875,-32.5927734375
13.8954166666667,-32.5002670288086
13.9020833333333,-32.4101448059082
13.90875,-32.3219299316406
13.9154166666667,-32.2346687316895
13.9220833333333,-32.1469306945801
13.92875,-32.0611000061035
13.9354166666667,-31.9790840148926
13.9420833333333,-31.8975448608398
13.94875,-31.8145751953125
13.9554166666667,-31.7277908325195
13.9620833333333,-31.6424369812012
13.96875,-31.5570831298828
13.9754166666667,-31.470775604248
13.9820833333333,-31.3830375671387
13.98875,-31.2962532043457
13.9954166666667,-31.2132835388184
14.0020833333333,-31.1279296875
14.00875,-31.0416221618652
14.0154166666667,-30.9548377990723
14.0220833333333,-30.8690071105957
14.02875,-30.7807922363281
14.0354166666667,-30.6925773620605
14.0420833333333,-30.606746673584
14.04875,-30.5228233337402
14.0554166666667,-30.4379463195801
14.0620833333333,-30.3502082824707
14.06875,-30.2596092224121
14.0754166666667,-30.1632881164551
14.0820833333333,-30.0626754760742
14.08875,-29.9644470214844
14.0954166666667,-29.869556427002
14.1020833333333,-29.7770500183105
14.10875,-29.6840667724609
14.1154166666667,-29.5929908752441
14.1220833333333,-29.5038223266602
14.12875,-29.4113159179688
14.1354166666667,-29.3135643005371
14.1420833333333,-29.2119979858398
14.14875,-29.1147232055664
14.1554166666667,-29.0226936340332
14.1620833333333,-28.9301872253418
14.16875,-28.8338661193848
14.1754166666667,-28.7351608276367
14.1820833333333,-28.6364555358887
14.18875,-28.5358428955078
14.1954166666667,-28.4299850463867
14.2020833333333,-28.3236503601074
14.20875,-28.2192230224609
14.2154166666667,-28.1171798706055
14.2220833333333,-28.0184745788574
14.22875,-27.9207229614258
14.2354166666667,-27.8215408325195
14.2420833333333,-27.7194976806641
14.24875,-27.6174545288086
14.2554166666667,-27.5154113769531
14.2620833333333,-27.4105072021484
14.26875,-27.3051261901855
14.2754166666667,-27.2006988525391
14.2820833333333,-27.0986557006836
14.28875,-26.9975662231445
14.2954166666667,-26.8926620483398
14.3020833333333,-26.7829895019531
14.30875,-26.6680717468262
14.3154166666667,-26.5531539916992
14.3220833333333,-26.4434814453125
14.32875,-26.3376235961914
14.3354166666667,-26.2351036071777
14.3420833333333,-26.1373519897461
14.34875,-26.0434150695801
14.3554166666667,-25.9475708007813
14.3620833333333,-25.8450508117676
14.36875,-25.7372856140137
14.3754166666667,-25.629997253418
14.3820833333333,-25.5227088928223
14.38875,-25.4144668579102
14.3954166666667,-25.3086090087891
14.4020833333333,-25.2089500427246
14.40875,-25.115966796875
14.4154166666667,-25.022029876709
14.4220833333333,-24.9238014221191
14.42875,-24.8246192932129
14.4354166666667,-24.7249603271484
14.4420833333333,-24.6200561523438
14.44875,-24.5051383972168
14.4554166666667,-24.3864059448242
14.4620833333333,-24.2729187011719
14.46875,-24.1641998291016
14.4754166666667,-24.0573883056641
14.4820833333333,-23.9500999450684
14.48875,-23.8466262817383
14.4954166666667,-23.7493515014648
14.5020833333333,-23.6525535583496
14.50875,-23.5528945922852
14.5154166666667,-23.4498977661133
14.5220833333333,-23.345947265625
14.52875,-23.2391357421875
14.5354166666667,-23.127555847168
14.5420833333333,-23.0135917663574
14.54875,-22.9010581970215
14.5554166666667,-22.7899551391602
14.5620833333333,-22.6788520812988
14.56875,-22.5658416748047
14.5754166666667,-22.4494934082031
14.5820833333333,-22.3293304443359
14.58875,-22.2053527832031
14.5954166666667,-22.0813751220703
14.6020833333333,-21.9593048095703
14.60875,-21.8424797058105
14.6154166666667,-21.7318534851074
14.6220833333333,-21.6240882873535
14.62875,-21.5153694152832
14.6354166666667,-21.4056968688965
14.6420833333333,-21.2936401367188
14.64875,-21.1772918701172
14.6554166666667,-21.054744720459
14.6620833333333,-20.927906036377
14.66875,-20.7991600036621
14.6754166666667,-20.667552947998
14.6820833333333,-20.5340385437012
14.68875,-20.4043388366699
14.6954166666667,-20.2794075012207
14.7020833333333,-20.1578140258789
14.70875,-20.0381278991699
14.7154166666667,-19.9184417724609
14.7220833333333,-19.7968482971191
14.72875,-19.6719169616699
14.7354166666667,-19.5469856262207
14.7420833333333,-19.4234848022461
14.74875,-19.2975997924805
14.7554166666667,-19.1688537597656
14.7620833333333,-19.0377235412598
14.76875,-18.9037322998047
14.7754166666667,-18.7630653381348
14.7820833333333,-18.6161994934082
14.78875,-18.4721946716309
14.7954166666667,-18.3343887329102
14.8020833333333,-18.1994438171387
14.80875,-18.0678367614746
14.8154166666667,-17.9409980773926
14.8220833333333,-17.8165435791016
14.82875,-17.6868438720703
14.8354166666667,-17.549991607666
14.8420833333333,-17.4078941345215
14.84875,-17.2591209411621
14.8554166666667,-17.1041488647461
14.8620833333333,-16.9482231140137
14.86875,-16.7984962463379
14.8754166666667,-16.6540145874023
14.8820833333333,-16.5138244628906
14.88875,-16.3764953613281
14.8954166666667,-16.240119934082
14.9020833333333,-16.0994529724121
14.90875,-15.9530639648438
14.9154166666667,-15.8004760742188
14.9220833333333,-15.6459808349609
14.92875,-15.4905319213867
14.9354166666667,-15.3360366821289
14.9420833333333,-15.1834487915039
14.94875,-15.0299072265625
14.9554166666667,-14.8782730102539
14.9620833333333,-14.7290229797363
14.96875,-14.5845413208008
14.9754166666667,-14.441967010498
14.9820833333333,-14.2993927001953
14.98875,-14.1549110412598
14.9954166666667,-14.0061378479004
