0.000416666666666667,-0.584125518798828
0.00708333333333333,-0.359058380126953
0.01375,-0.158786773681641
0.0204166666666667,0.00476837158203125
0.0270833333333333,0.0853538513183594
0.03375,0.0853538513183594
0.0404166666666667,0.0329017639160156
0.0470833333333333,-0.0233650207519531
0.05375,-0.0805854797363281
0.0604166666666667,-0.148773193359375
0.0670833333333333,-0.226497650146484
0.07375,-0.313282012939453
0.0804166666666667,-0.403404235839844
0.0870833333333333,-0.494480133056641
0.09375,-0.579357147216797
0.100416666666667,-0.647068023681641
0.107083333333333,-0.692844390869141
0.11375,-0.7171630859375
0.120416666666667,-0.727176666259766
0.127083333333333,-0.725746154785156
0.13375,-0.718593597412109
0.140416666666667,-0.715732574462891
0.147083333333333,-0.728130340576172
0.15375,-0.759124755859375
0.160416666666667,-0.799655914306641
0.167083333333333,-0.844001770019531
0.17375,-0.885963439941406
0.180416666666667,-0.924110412597656
0.187083333333333,-0.951766967773438
0.19375,-0.964641571044922
0.200416666666667,-0.967979431152344
0.207083333333333,-0.970840454101563
0.21375,-0.976085662841797
0.220416666666667,-0.983238220214844
0.227083333333333,-0.997543334960938
0.23375,-1.0223388671875
0.240416666666667,-1.04141235351563
0.247083333333333,-0.981330871582031
0.25375,-0.703811645507813
0.260416666666667,-0.0333786010742188
0.267083333333333,1.18112564086914
0.27375,3.0217170715332
0.280416666666667,5.50270080566406
0.287083333333333,8.51106643676758
0.29375,11.6643905639648
0.300416666666667,14.2731666564941
0.307083333333333,15.6464576721191
0.31375,15.4814720153809
0.320416666666667,13.9293670654297
0.327083333333333,11.3530158996582
0.33375,8.21781158447266
0.340416666666667,5.14364242553711
0.347083333333333,2.72464752197266
0.35375,1.20115280151367
0.360416666666667,0.398635864257813
0.367083333333333,-0.00762939453125
0.37375,-0.243663787841797
0.380416666666667,-0.409126281738281
0.387083333333333,-0.545501708984375
0.39375,-0.666141510009766
0.400416666666667,-0.772953033447266
0.407083333333333,-0.858306884765625
0.41375,-0.914096832275391
0.420416666666667,-0.941276550292969
0.427083333333333,-0.946521759033203
0.43375,-0.935554504394531
0.440416666666667,-0.915050506591797
0.447083333333333,-0.889778137207031
0.45375,-0.86212158203125
0.460416666666667,-0.820636749267578
0.467083333333333,-0.711917877197266
0.47375,-0.386238098144531
0.480416666666667,0.337123870849609
0.487083333333333,1.4042854309082
0.49375,2.40516662597656
0.500416666666667,2.8233528137207
0.507083333333333,2.42519378662109
0.51375,1.2974739074707
0.520416666666667,-0.348091125488281
0.527083333333333,-2.19058990478516
0.53375,-3.74412536621094
0.540416666666667,-4.54092025756836
0.547083333333333,-4.46510314941406
0.55375,-3.81040573120117
0.560416666666667,-3.00312042236328
0.567083333333333,-2.32648849487305
0.57375,-1.86777114868164
0.580416666666667,-1.59788131713867
0.587083333333333,-1.45816802978516
0.59375,-1.39141082763672
0.600416666666667,-1.35421752929688
0.607083333333333,-1.32560729980469
0.61375,-1.30081176757813
0.620416666666667,-1.28030776977539
0.627083333333333,-1.26552581787109
0.63375,-1.25885009765625
0.640416666666667,-1.26457214355469
0.647083333333333,-1.28459930419922
0.65375,-1.31750106811523
0.660416666666667,-1.35898590087891
0.667083333333333,-1.40380859375
0.67375,-1.44672393798828
0.680416666666667,-1.48534774780273
0.687083333333333,-1.52349472045898
0.69375,-1.55925750732422
0.700416666666667,-1.59263610839844
0.707083333333333,-1.62076950073242
0.71375,-1.64508819580078
0.720416666666667,-1.66797637939453
0.727083333333333,-1.68943405151367
0.73375,-1.70564651489258
0.740416666666667,-1.71566009521484
0.747083333333333,-1.73282623291016
0.75375,-1.77145004272461
0.760416666666667,-1.84774398803711
0.767083333333333,-1.98125839233398
0.77375,-2.20203399658203
0.780416666666667,-2.53534317016602
0.787083333333333,-2.98357009887695
0.79375,-3.52191925048828
0.800416666666667,-4.10318374633789
0.807083333333333,-4.65726852416992
0.81375,-5.09548187255859
0.820416666666667,-5.33294677734375
0.827083333333333,-5.31387329101563
0.83375,-5.02347946166992
0.840416666666667,-4.48989868164063
0.847083333333333,-3.77511978149414
0.85375,-2.96783447265625
0.860416666666667,-2.15339660644531
0.867083333333333,-1.40237808227539
0.87375,-0.756740570068359
0.880416666666667,-0.230789184570313
0.887083333333333,0.179767608642578
0.89375,0.494956970214844
0.900416666666667,0.731468200683594
0.907083333333333,0.903606414794922
0.91375,1.01613998413086
0.920416666666667,1.06954574584961
0.927083333333333,1.06334686279297
0.93375,1.00135803222656
0.940416666666667,0.892162322998047
0.947083333333333,0.745296478271484
0.95375,0.575542449951172
0.960416666666667,0.398159027099609
0.967083333333333,0.232219696044922
0.97375,0.103950500488281
0.980416666666667,0.0438690185546875
0.987083333333333,0.0786781311035156
0.99375,0.212669372558594
1.00041666666667,0.423908233642578
1.00708333333333,0.662803649902344
1.01375,0.863552093505859
1.02041666666667,0.9613037109375
1.02708333333333,0.912666320800781
1.03375,0.712394714355469
1.04041666666667,0.384807586669922
1.04708333333333,-0.0271797180175781
1.05375,-0.477313995361328
1.06041666666667,-0.925064086914063
1.06708333333333,-1.35135650634766
1.07375,-1.75762176513672
1.08041666666667,-2.14910507202148
1.08708333333333,-2.52723693847656
1.09375,-2.88867950439453
1.10041666666667,-3.23677062988281
1.10708333333333,-3.5700798034668
1.11375,-3.88431549072266
1.12041666666667,-4.17613983154297
1.12708333333333,-4.44841384887695
1.13375,-4.70638275146484
1.14041666666667,-4.94766235351563
1.14708333333333,-5.17082214355469
1.15375,-5.37776947021484
1.16041666666667,-5.57088851928711
1.16708333333333,-5.75065612792969
1.17375,-5.91182708740234
1.18041666666667,-6.05869293212891
1.18708333333333,-6.19125366210938
1.19375,-6.31189346313477
1.20041666666667,-6.42108917236328
1.20708333333333,-6.51979446411133
1.21375,-6.61468505859375
1.22041666666667,-6.70528411865234
1.22708333333333,-6.7906379699707
1.23375,-6.87265396118164
1.24041666666667,-6.95514678955078
1.24708333333333,-7.03954696655273
1.25375,-7.12060928344727
1.26041666666667,-7.20024108886719
1.26708333333333,-7.28416442871094
1.27375,-7.37333297729492
1.28041666666667,-7.47203826904297
1.28708333333333,-7.57932662963867
1.29375,-7.69519805908203
1.30041666666667,-7.8129768371582
1.30708333333333,-7.92646408081055
1.31375,-8.03136825561523
1.32041666666667,-8.11958312988281
1.32708333333333,-8.18634033203125
1.33375,-8.23116302490234
1.34041666666667,-8.26692581176758
1.34708333333333,-8.30459594726563
1.35375,-8.34941864013672
1.36041666666667,-8.40139389038086
1.36708333333333,-8.46147537231445
1.37375,-8.52870941162109
1.38041666666667,-8.59594345092773
1.38708333333333,-8.65411758422852
1.39375,-8.697509765625
1.40041666666667,-8.7285041809082
1.40708333333333,-8.74853134155273
1.41375,-8.76045227050781
1.42041666666667,-8.76569747924805
1.42708333333333,-8.76712799072266
1.43375,-8.76760482788086
1.44041666666667,-8.76808166503906
1.44708333333333,-8.76903533935547
1.45375,-8.76951217651367
1.46041666666667,-8.76569747924805
1.46708333333333,-8.75616073608398
1.47375,-8.74471664428711
1.48041666666667,-8.73756408691406
1.48708333333333,-8.74137878417969
1.49375,-8.75616073608398
1.50041666666667,-8.78524780273438
1.50708333333333,-8.82816314697266
1.51375,-8.88490676879883
1.52041666666667,-8.95166397094727
1.52708333333333,-9.01985168457031
1.53375,-9.08756256103516
1.54041666666667,-9.15622711181641
1.54708333333333,-9.22775268554688
1.55375,-9.29975509643555
1.56041666666667,-9.36985015869141
1.56708333333333,-9.44042205810547
1.57375,-9.51528549194336
1.58041666666667,-9.59444046020508
1.58708333333333,-9.68122482299805
1.59375,-9.77706909179688
1.60041666666667,-9.88197326660156
1.60708333333333,-9.99593734741211
1.61375,-10.1175308227539
1.62041666666667,-10.246753692627
1.62708333333333,-10.3788375854492
1.63375,-10.5085372924805
1.64041666666667,-10.6334686279297
1.64708333333333,-10.7536315917969
1.65375,-10.869026184082
1.66041666666667,-10.9801292419434
1.66708333333333,-11.0888481140137
1.67375,-11.1966133117676
1.68041666666667,-11.3043785095215
1.68708333333333,-11.4121437072754
1.69375,-11.5170478820801
1.70041666666667,-11.6167068481445
1.70708333333333,-11.7120742797852
1.71375,-11.8026733398438
1.72041666666667,-11.8856430053711
1.72708333333333,-11.9595527648926
1.73375,-12.0272636413574
1.74041666666667,-12.0906829833984
1.74708333333333,-12.148380279541
1.75375,-12.199878692627
1.76041666666667,-12.2499465942383
1.76708333333333,-12.3000144958496
1.77375,-12.3510360717773
1.78041666666667,-12.4020576477051
1.78708333333333,-12.4526023864746
1.79375,-12.5007629394531
1.80041666666667,-12.5441551208496
1.80708333333333,-12.5865936279297
1.81375,-12.6237869262695
1.82041666666667,-12.6538276672363
1.82708333333333,-12.6752853393555
1.83375,-12.6943588256836
1.84041666666667,-12.7182006835938
1.84708333333333,-12.7458572387695
1.85375,-12.7801895141602
1.86041666666667,-12.8207206726074
1.86708333333333,-12.8664970397949
1.87375,-12.916088104248
1.88041666666667,-12.9661560058594
1.88708333333333,-13.0143165588379
1.89375,-13.0534172058105
1.90041666666667,-13.0844116210938
1.90708333333333,-13.1082534790039
1.91375,-13.1216049194336
1.92041666666667,-13.1239891052246
1.92708333333333,-13.1163597106934
1.93375,-13.1092071533203
1.94041666666667,-13.1030082702637
1.94708333333333,-13.0977630615234
1.95375,-13.0929946899414
1.96041666666667,-13.0901336669922
1.96708333333333,-13.0887031555176
1.97375,-13.0839347839355
1.98041666666667,-13.0772590637207
1.98708333333333,-13.0701065063477
1.99375,-13.0672454833984
2.00041666666667,-13.0667686462402
2.00708333333333,-13.0681991577148
2.01375,-13.0763053894043
2.02041666666667,-13.0939483642578
2.02708333333333,-13.1206512451172
2.03375,-13.153076171875
2.04041666666667,-13.1902694702148
2.04708333333333,-13.2298469543457
2.05375,-13.2708549499512
2.06041666666667,-13.3137702941895
2.06708333333333,-13.3581161499023
2.07375,-13.4000778198242
2.08041666666667,-13.4377479553223
2.08708333333333,-13.4701728820801
2.09375,-13.4978294372559
2.10041666666667,-13.5178565979004
2.10708333333333,-13.5307312011719
2.11375,-13.5345458984375
2.12041666666667,-13.5312080383301
2.12708333333333,-13.524055480957
2.13375,-13.5126113891602
2.14041666666667,-13.4992599487305
2.14708333333333,-13.4835243225098
2.15375,-13.4716033935547
2.16041666666667,-13.4634971618652
2.16708333333333,-13.4587287902832
2.17375,-13.4553909301758
2.18041666666667,-13.4553909301758
2.18708333333333,-13.4592056274414
2.19375,-13.4615898132324
2.20041666666667,-13.460636138916
2.20708333333333,-13.4544372558594
2.21375,-13.4439468383789
2.22041666666667,-13.427734375
2.22708333333333,-13.4057998657227
2.23375,-13.3776664733887
2.24041666666667,-13.343334197998
2.24708333333333,-13.3004188537598
2.25375,-13.2479667663574
2.26041666666667,-13.1940841674805
2.26708333333333,-13.1511688232422
2.27375,-13.1258964538574
2.28041666666667,-13.1211280822754
2.28708333333333,-13.1378173828125
2.29375,-13.1721496582031
2.30041666666667,-13.2112503051758
2.30708333333333,-13.2393836975098
2.31375,-13.2513046264648
2.32041666666667,-13.2503509521484
2.32708333333333,-13.2412910461426
2.33375,-13.2260322570801
2.34041666666667,-13.2060050964355
2.34708333333333,-13.1850242614746
2.35375,-13.1635665893555
2.36041666666667,-13.1411552429199
2.36708333333333,-13.1192207336426
2.37375,-13.0982398986816
2.38041666666667,-13.0786895751953
2.38708333333333,-13.059139251709
2.39375,-13.0405426025391
2.40041666666667,-13.0257606506348
2.40708333333333,-13.0124092102051
2.41375,-12.998104095459
2.42041666666667,-12.9828453063965
2.42708333333333,-12.9694938659668
2.43375,-12.9580497741699
2.44041666666667,-12.9456520080566
2.44708333333333,-12.9327774047852
2.45375,-12.9199028015137
2.46041666666667,-12.9098892211914
2.46708333333333,-12.9022598266602
2.47375,-12.8970146179199
2.48041666666667,-12.8922462463379
2.48708333333333,-12.8841400146484
2.49375,-12.8726959228516
2.50041666666667,-12.8536224365234
2.50708333333333,-12.8269195556641
2.51375,-12.7935409545898
2.52041666666667,-12.7577781677246
2.52708333333333,-12.7243995666504
2.53375,-12.6919746398926
2.54041666666667,-12.6609802246094
2.54708333333333,-12.6309394836426
2.55375,-12.6023292541504
2.56041666666667,-12.5727653503418
2.56708333333333,-12.5393867492676
2.57375,-12.5045776367188
2.58041666666667,-12.4711990356445
2.58708333333333,-12.4411582946777
2.59375,-12.4154090881348
2.60041666666667,-12.3939514160156
2.60708333333333,-12.3782157897949
2.61375,-12.3682022094727
2.62041666666667,-12.3662948608398
2.62708333333333,-12.3686790466309
2.63375,-12.3682022094727
2.64041666666667,-12.362003326416
2.64708333333333,-12.3486518859863
2.65375,-12.3310089111328
2.66041666666667,-12.3090744018555
2.66708333333333,-12.2861862182617
2.67375,-12.2652053833008
2.68041666666667,-12.2461318969727
2.68708333333333,-12.2289657592773
2.69375,-12.2189521789551
2.70041666666667,-12.2194290161133
2.70708333333333,-12.230396270752
2.71375,-12.2475624084473
2.72041666666667,-12.2699737548828
2.72708333333333,-12.296199798584
2.73375,-12.3214721679688
2.74041666666667,-12.3372077941895
2.74708333333333,-12.3414993286133
2.75375,-12.3381614685059
2.76041666666667,-12.3333930969238
2.76708333333333,-12.3271942138672
2.77375,-12.3186111450195
2.78041666666667,-12.3095512390137
2.78708333333333,-12.3023986816406
2.79375,-12.2957229614258
2.80041666666667,-12.2866630554199
2.80708333333333,-12.2756958007813
2.81375,-12.2652053833008
2.82041666666667,-12.2489929199219
2.82708333333333,-12.2103691101074
2.83375,-12.1240615844727
2.84041666666667,-11.9357109069824
2.84708333333333,-11.5542411804199
2.85375,-10.8861923217773
2.86041666666667,-9.92155075073242
2.86708333333333,-8.79526138305664
2.87375,-7.7509880065918
2.88041666666667,-7.03334808349609
2.88708333333333,-6.80065155029297
2.89375,-7.09629058837891
2.90041666666667,-7.84397125244141
2.90708333333333,-8.84914398193359
2.91375,-9.85479354858398
2.92041666666667,-10.653018951416
2.92708333333333,-11.1651420593262
2.93375,-11.4269256591797
2.94041666666667,-11.509895324707
2.94708333333333,-11.4808082580566
2.95375,-11.3983154296875
2.96041666666667,-11.3129615783691
2.96708333333333,-11.2590789794922
2.97375,-11.2476348876953
2.98041666666667,-11.2838745117188
2.98708333333333,-11.3673210144043
2.99375,-11.4750862121582
3.00041666666667,-11.573314666748
3.00708333333333,-11.6324424743652
3.01375,-11.6534233093262
3.02041666666667,-11.6519927978516
3.02708333333333,-11.6381645202637
3.03375,-11.6167068481445
3.04041666666667,-11.5938186645508
3.04708333333333,-11.5795135498047
3.05375,-11.5756988525391
3.06041666666667,-11.5804672241211
3.06708333333333,-11.5900039672852
3.07375,-11.6000175476074
3.08041666666667,-11.601448059082
3.08708333333333,-11.5833282470703
3.09375,-11.5289688110352
3.10041666666667,-11.4221572875977
3.10708333333333,-11.258602142334
3.11375,-11.0688209533691
3.12041666666667,-10.9047889709473
3.12708333333333,-10.8070373535156
3.13375,-10.7889175415039
3.14041666666667,-10.8475685119629
3.14708333333333,-10.9691619873047
3.15375,-11.1184120178223
3.16041666666667,-11.2485885620117
3.16708333333333,-11.3253593444824
3.17375,-11.3520622253418
3.18041666666667,-11.3487243652344
3.18708333333333,-11.3329887390137
3.19375,-11.3143920898438
3.20041666666667,-11.2929344177246
3.20708333333333,-11.2700462341309
3.21375,-11.2442970275879
3.22041666666667,-11.2199783325195
3.22708333333333,-11.197566986084
3.23375,-11.1756324768066
3.24041666666667,-11.1541748046875
3.24708333333333,-11.1351013183594
3.25375,-11.1165046691895
3.26041666666667,-11.0983848571777
3.26708333333333,-11.0783576965332
3.27375,-11.0611915588379
3.28041666666667,-11.0468864440918
3.28708333333333,-11.0340118408203
3.29375,-11.0211372375488
3.30041666666667,-11.0068321228027
3.30708333333333,-10.9944343566895
3.31375,-10.9820365905762
3.32041666666667,-10.9705924987793
3.32708333333333,-10.9577178955078
3.33375,-10.9429359436035
3.34041666666667,-10.9257698059082
3.34708333333333,-10.9043121337891
3.35375,-10.8795166015625
3.36041666666667,-10.8551979064941
3.36708333333333,-10.8332633972168
3.37375,-10.8156204223633
3.38041666666667,-10.8041763305664
3.38708333333333,-10.7998847961426
3.39375,-10.7979774475098
3.40041666666667,-10.7946395874023
3.40708333333333,-10.7860565185547
3.41375,-10.7722282409668
3.42041666666667,-10.7550621032715
3.42708333333333,-10.7326507568359
3.43375,-10.7040405273438
3.44041666666667,-10.6649398803711
3.44708333333333,-10.612964630127
3.45375,-10.5500221252441
3.46041666666667,-10.4827880859375
3.46708333333333,-10.4255676269531
3.47375,-10.3869438171387
3.48041666666667,-10.371208190918
3.48708333333333,-10.3793144226074
3.49375,-10.4050636291504
3.50041666666667,-10.4365348815918
3.50708333333333,-10.4632377624512
3.51375,-10.4804039001465
3.52041666666667,-10.4870796203613
3.52708333333333,-10.4837417602539
3.53375,-10.472297668457
3.54041666666667,-10.4579925537109
3.54708333333333,-10.4413032531738
3.55375,-10.4227066040039
3.56041666666667,-10.4012489318848
3.56708333333333,-10.3778839111328
3.57375,-10.3564262390137
3.58041666666667,-10.338306427002
3.58708333333333,-10.3225708007813
3.59375,-10.3054046630859
3.60041666666667,-10.2877616882324
3.60708333333333,-10.2744102478027
3.61375,-10.2643966674805
3.62041666666667,-10.25390625
3.62708333333333,-10.2415084838867
3.63375,-10.228157043457
3.64041666666667,-10.2100372314453
3.64708333333333,-10.1795196533203
3.65375,-10.1337432861328
3.66041666666667,-10.0817680358887
3.66708333333333,-10.0345611572266
3.67375,-10.0002288818359
3.68041666666667,-9.98115539550781
3.68708333333333,-9.97543334960938
3.69375,-9.97829437255859
3.70041666666667,-9.97686386108398
3.70708333333333,-9.95016098022461
3.71375,-9.88054275512695
3.72041666666667,-9.77230072021484
3.72708333333333,-9.64641571044922
3.73375,-9.52863693237305
3.74041666666667,-9.44089889526367
3.74708333333333,-9.39846038818359
3.75375,-9.40895080566406
3.76041666666667,-9.46617126464844
3.76708333333333,-9.54961776733398
3.77375,-9.63592529296875
3.78041666666667,-9.70649719238281
3.78708333333333,-9.75370407104492
3.79375,-9.77897644042969
3.80041666666667,-9.78469848632813
3.80708333333333,-9.77373123168945
3.81375,-9.74845886230469
3.82041666666667,-9.71698760986328
3.82708333333333,-9.68456268310547
3.83375,-9.65404510498047
3.84041666666667,-9.62924957275391
3.84708333333333,-9.61494445800781
3.85375,-9.60922241210938
3.86041666666667,-9.60683822631836
3.86708333333333,-9.60588455200195
3.87375,-9.60588455200195
3.88041666666667,-9.60731506347656
3.88708333333333,-9.60302352905273
3.89375,-9.59110260009766
3.90041666666667,-9.57441329956055
3.90708333333333,-9.55963134765625
3.91375,-9.54580307006836
3.92041666666667,-9.53197479248047
3.92708333333333,-9.5210075378418
3.93375,-9.51433181762695
3.94041666666667,-9.50956344604492
3.94708333333333,-9.49811935424805
3.95375,-9.48143005371094
3.96041666666667,-9.45615768432617
3.96708333333333,-9.42134857177734
3.97375,-9.37271118164063
3.98041666666667,-9.30166244506836
3.98708333333333,-9.19675827026367
3.99375,-9.04989242553711
4.00041666666667,-8.87441635131836
4.00708333333333,-8.6970329284668
4.01375,-8.54921340942383
4.02041666666667,-8.45623016357422
4.02708333333333,-8.43143463134766
4.03375,-8.47196578979492
4.04041666666667,-8.55731964111328
4.04708333333333,-8.66031646728516
4.05375,-8.75377655029297
4.06041666666667,-8.82387161254883
4.06708333333333,-8.86869430541992
4.07375,-8.89778137207031
4.08041666666667,-8.92066955566406
4.08708333333333,-8.94021987915039
4.09375,-8.95357131958008
4.10041666666667,-8.9573860168457
4.10708333333333,-8.95452499389648
4.11375,-8.95023345947266
4.12041666666667,-8.94451141357422
4.12708333333333,-8.93735885620117
4.13375,-8.92829895019531
4.14041666666667,-8.91971588134766
4.14708333333333,-8.90874862670898
4.15375,-8.88681411743164
4.16041666666667,-8.85009765625
4.16708333333333,-8.80289077758789
4.17375,-8.74805450439453
4.18041666666667,-8.68797302246094
4.18708333333333,-8.62407684326172
4.19375,-8.56637954711914
4.20041666666667,-8.52394104003906
4.20708333333333,-8.49723815917969
4.21375,-8.48293304443359
4.22041666666667,-8.47291946411133
4.22708333333333,-8.46195220947266
4.23375,-8.43620300292969
4.24041666666667,-8.38279724121094
4.24708333333333,-8.30078125
4.25375,-8.20064544677734
4.26041666666667,-8.09764862060547
4.26708333333333,-8.00418853759766
4.27375,-7.93600082397461
4.28041666666667,-7.9045295715332
4.28708333333333,-7.90786743164063
4.29375,-7.93313980102539
4.30041666666667,-7.9646110534668
4.30708333333333,-7.98988342285156
4.31375,-8.00037384033203
4.32041666666667,-7.99274444580078
4.32708333333333,-7.96985626220703
4.33375,-7.93743133544922
4.34041666666667,-7.89976119995117
4.34708333333333,-7.85970687866211
4.35375,-7.82012939453125
4.36041666666667,-7.78102874755859
4.36708333333333,-7.74049758911133
4.37375,-7.70139694213867
4.38041666666667,-7.67374038696289
4.38708333333333,-7.66277313232422
4.39375,-7.66515731811523
4.40041666666667,-7.67326354980469
4.40708333333333,-7.68613815307617
4.41375,-7.70092010498047
4.42041666666667,-7.7056884765625
4.42708333333333,-7.68756866455078
4.43375,-7.64036178588867
4.44041666666667,-7.57026672363281
4.44708333333333,-7.48586654663086
4.45375,-7.39240646362305
4.46041666666667,-7.293701171875
4.46708333333333,-7.19690322875977
4.47375,-7.11488723754883
4.48041666666667,-7.06005096435547
4.48708333333333,-7.03620910644531
4.49375,-7.03811645507813
4.50041666666667,-7.05909729003906
4.50708333333333,-7.0953369140625
4.51375,-7.14302062988281
4.52041666666667,-7.18879699707031
4.52708333333333,-7.22122192382813
4.53375,-7.2331428527832
4.54041666666667,-7.22837448120117
4.54708333333333,-7.20643997192383
4.55375,-7.16304779052734
4.56041666666667,-7.0958137512207
4.56708333333333,-7.00473785400391
4.57375,-6.89840316772461
4.58041666666667,-6.78443908691406
4.58708333333333,-6.66904449462891
4.59375,-6.55984878540039
4.60041666666667,-6.4692497253418
4.60708333333333,-6.41584396362305
4.61375,-6.40630722045898
4.62041666666667,-6.43682479858398
4.62708333333333,-6.49690628051758
4.63375,-6.56890869140625
4.64041666666667,-6.62040710449219
4.64708333333333,-6.60514831542969
4.65375,-6.48260116577148
4.66041666666667,-6.24322891235352
4.66708333333333,-5.91468811035156
4.67375,-5.56659698486328
4.68041666666667,-5.28335571289063
4.68708333333333,-5.12599945068359
4.69375,-5.09738922119141
4.70041666666667,-5.14554977416992
4.70708333333333,-5.19227981567383
4.71375,-5.16891479492188
4.72041666666667,-5.06448745727539
4.72708333333333,-4.92143630981445
4.73375,-4.80461120605469
4.74041666666667,-4.74262237548828
4.74708333333333,-4.71019744873047
4.75375,-4.64439392089844
4.76041666666667,-4.47368621826172
4.76708333333333,-4.1813850402832
4.77375,-3.84283065795898
4.78041666666667,-3.59058380126953
4.78708333333333,-3.53908538818359
4.79375,-3.73458862304688
4.80041666666667,-4.1499137878418
4.80708333333333,-4.69398498535156
4.81375,-5.23948669433594
4.82041666666667,-5.67865371704102
4.82708333333333,-5.96857070922852
4.83375,-6.1335563659668
4.84041666666667,-6.21938705444336
4.84708333333333,-6.26850128173828
4.85375,-6.30044937133789
4.86041666666667,-6.32095336914063
4.86708333333333,-6.32762908935547
4.87375,-6.31427764892578
4.88041666666667,-6.27470016479492
4.88708333333333,-6.21318817138672
4.89375,-6.14356994628906
4.90041666666667,-6.08491897583008
4.90708333333333,-6.05106353759766
4.91375,-6.04581832885742
4.92041666666667,-6.06775283813477
4.92708333333333,-6.10256195068359
4.93375,-6.13021850585938
4.94041666666667,-6.13498687744141
4.94708333333333,-6.11972808837891
4.95375,-6.09493255615234
4.96041666666667,-6.07061386108398
4.96708333333333,-6.05010986328125
4.97375,-6.02912902832031
4.98041666666667,-5.99956512451172
4.98708333333333,-5.95378875732422
4.99375,-5.89323043823242
5.00041666666667,-5.82790374755859
5.00708333333333,-5.77068328857422
5.01375,-5.73301315307617
5.02041666666667,-5.72395324707031
5.02708333333333,-5.74207305908203
5.03375,-5.77878952026367
5.04041666666667,-5.81645965576172
5.04708333333333,-5.83600997924805
5.05375,-5.81550598144531
5.06041666666667,-5.73205947875977
5.06708333333333,-5.55753707885742
5.07375,-5.26285171508789
5.08041666666667,-4.83989715576172
5.08708333333333,-4.32777404785156
5.09375,-3.82041931152344
5.10041666666667,-3.43132019042969
5.10708333333333,-3.2343864440918
5.11375,-3.23343276977539
5.12041666666667,-3.37457656860352
5.12708333333333,-3.55434417724609
5.13375,-3.61776351928711
5.14041666666667,-3.37648391723633
5.14708333333333,-2.66695022583008
5.15375,-1.37758255004883
5.16041666666667,0.593185424804688
5.16708333333333,3.32450866699219
5.17375,6.67810440063477
5.18041666666667,10.0884437561035
5.18708333333333,12.6967430114746
5.19375,13.8120651245117
5.20041666666667,13.2017135620117
5.20708333333333,11.0154151916504
5.21375,7.66134262084961
5.22041666666667,3.82471084594727
5.22708333333333,0.335216522216797
5.23375,-2.21967697143555
5.24041666666667,-3.75843048095703
5.24708333333333,-4.56619262695313
5.25375,-4.97722625732422
5.26041666666667,-5.19609451293945
5.26708333333333,-5.30862808227539
5.27375,-5.33533096313477
5.28041666666667,-5.27667999267578
5.28708333333333,-5.13410568237305
5.29375,-4.92048263549805
5.30041666666667,-4.66012954711914
5.30708333333333,-4.38261032104492
5.31375,-4.12273406982422
5.32041666666667,-3.91340255737305
5.32708333333333,-3.77416610717773
5.33375,-3.70311737060547
5.34041666666667,-3.68881225585938
5.34708333333333,-3.72314453125
5.35375,-3.80229949951172
5.36041666666667,-3.9210319519043
5.36708333333333,-4.06885147094727
5.37375,-4.23908233642578
5.38041666666667,-4.41884994506836
5.38708333333333,-4.59003448486328
5.39375,-4.72688674926758
5.40041666666667,-4.81462478637695
5.40708333333333,-4.84418869018555
5.41375,-4.80270385742188
5.42041666666667,-4.6687126159668
5.42708333333333,-4.41837310791016
5.43375,-4.0435791015625
5.44041666666667,-3.57913970947266
5.44708333333333,-3.12185287475586
5.45375,-2.79140472412109
5.46041666666667,-2.66933441162109
5.46708333333333,-2.77900695800781
5.47375,-3.09085845947266
5.48041666666667,-3.53670120239258
5.48708333333333,-4.00686264038086
5.49375,-4.3940544128418
5.50041666666667,-4.64391708374023
5.50708333333333,-4.76646423339844
5.51375,-4.80365753173828
5.52041666666667,-4.78839874267578
5.52708333333333,-4.74452972412109
5.53375,-4.68015670776367
5.54041666666667,-4.608154296875
5.54708333333333,-4.54282760620117
5.55375,-4.49991226196289
5.56041666666667,-4.48846817016602
5.56708333333333,-4.50944900512695
5.57375,-4.55474853515625
5.58041666666667,-4.60529327392578
5.58708333333333,-4.63676452636719
5.59375,-4.62722778320313
5.60041666666667,-4.56714630126953
5.60708333333333,-4.46319580078125
5.61375,-4.33874130249023
5.62041666666667,-4.21905517578125
5.62708333333333,-4.12654876708984
5.63375,-4.07505035400391
5.64041666666667,-4.05979156494141
5.64708333333333,-4.058837890625
5.65375,-4.03785705566406
5.66041666666667,-3.96871566772461
5.66708333333333,-3.83710861206055
5.67375,-3.64875793457031
5.68041666666667,-3.42464447021484
5.68708333333333,-3.18622589111328
5.69375,-2.93636322021484
5.70041666666667,-2.65073776245117
5.70708333333333,-2.29263305664063
5.71375,-1.84392929077148
5.72041666666667,-1.34706497192383
5.72708333333333,-0.908851623535156
5.73375,-0.660896301269531
5.74041666666667,-0.689506530761719
5.74708333333333,-1.0075569152832
5.75375,-1.56021118164063
5.76041666666667,-2.23636627197266
5.76708333333333,-2.89106369018555
5.77375,-3.39412689208984
5.78041666666667,-3.69787216186523
5.78708333333333,-3.84187698364258
5.79375,-3.90243530273438
5.80041666666667,-3.94058227539063
5.80708333333333,-3.98731231689453
5.81375,-4.04930114746094
5.82041666666667,-4.1193962097168
5.82708333333333,-4.18281555175781
5.83375,-4.22811508178711
5.84041666666667,-4.25529479980469
5.84708333333333,-4.26912307739258
5.85375,-4.2719841003418
5.86041666666667,-4.26435470581055
5.86708333333333,-4.24623489379883
5.87375,-4.21762466430664
5.88041666666667,-4.17900085449219
5.88708333333333,-4.12893295288086
5.89375,-4.07171249389648
5.90041666666667,-4.01496887207031
5.90708333333333,-3.96347045898438
5.91375,-3.92389297485352
5.92041666666667,-3.89575958251953
5.92708333333333,-3.87907028198242
5.93375,-3.8752555847168
5.94041666666667,-3.88288497924805
5.94708333333333,-3.89909744262695
5.95375,-3.91244888305664
5.96041666666667,-3.91960144042969
5.96708333333333,-3.91960144042969
5.97375,-3.91197204589844
5.98041666666667,-3.89289855957031
5.98708333333333,-3.85332107543945
5.99375,-3.77750396728516
6.00041666666667,-3.62539291381836
6.00708333333333,-3.31354141235352
6.01375,-2.716064453125
6.02041666666667,-1.71089172363281
6.02708333333333,-0.278949737548828
6.03375,1.39522552490234
6.04041666666667,2.95639038085938
6.04708333333333,4.03451919555664
6.05375,4.39262390136719
6.06041666666667,3.97634506225586
6.06708333333333,2.90012359619141
6.07375,1.44386291503906
6.08041666666667,-0.0205039978027344
6.08708333333333,-1.18398666381836
6.09375,-1.93500518798828
6.10041666666667,-2.34365463256836
6.10708333333333,-2.5477409362793
6.11375,-2.65979766845703
6.12041666666667,-2.74181365966797
6.12708333333333,-2.81906127929688
6.13375,-2.89011001586914
6.14041666666667,-2.95066833496094
6.14708333333333,-2.99978256225586
6.15375,-3.03792953491211
6.16041666666667,-3.0674934387207
6.16708333333333,-3.09181213378906
6.17375,-3.12376022338867
6.18041666666667,-3.16762924194336
6.18708333333333,-3.2196044921875
6.19375,-3.26967239379883
6.20041666666667,-3.29828262329102
6.20708333333333,-3.27539443969727
6.21375,-3.15761566162109
6.22041666666667,-2.89440155029297
6.22708333333333,-2.40993499755859
6.23375,-1.60694122314453
6.24041666666667,-0.420093536376953
6.24708333333333,1.09195709228516
6.25375,2.71797180175781
6.26041666666667,4.1499137878418
6.26708333333333,5.09500503540039
6.27375,5.35726547241211
6.28041666666667,4.88710403442383
6.28708333333333,3.81612777709961
6.29375,2.42090225219727
6.30041666666667,1.02615356445313
6.30708333333333,-0.123023986816406
6.31375,-0.9307861328125
6.32041666666667,-1.42621994018555
6.32708333333333,-1.70326232910156
6.33375,-1.85012817382813
6.34041666666667,-1.92546844482422
6.34708333333333,-1.96409225463867
6.35375,-1.98698043823242
6.36041666666667,-2.0136833190918
6.36708333333333,-2.05612182617188
6.37375,-2.12192535400391
6.38041666666667,-2.20966339111328
6.38708333333333,-2.29930877685547
6.39375,-2.36415863037109
6.40041666666667,-2.38227844238281
6.40708333333333,-2.34413146972656
6.41375,-2.2578239440918
6.42041666666667,-2.14290618896484
6.42708333333333,-2.03180313110352
6.43375,-1.94692611694336
6.44041666666667,-1.89971923828125
6.44708333333333,-1.8925666809082
6.45375,-1.92642211914063
6.46041666666667,-1.99604034423828
6.46708333333333,-2.08616256713867
6.47375,-2.18534469604492
6.48041666666667,-2.28595733642578
6.48708333333333,-2.38037109375
6.49375,-2.46095657348633
6.50041666666667,-2.51960754394531
6.50708333333333,-2.55537033081055
6.51375,-2.56919860839844
6.52041666666667,-2.56538391113281
6.52708333333333,-2.55250930786133
6.53375,-2.53963470458984
6.54041666666667,-2.53582000732422
6.54708333333333,-2.54011154174805
6.55375,-2.54487991333008
6.56041666666667,-2.54106521606445
6.56708333333333,-2.52389907836914
6.57375,-2.48813629150391
6.58041666666667,-2.43234634399414
6.58708333333333,-2.3655891418457
6.59375,-2.29835510253906
6.60041666666667,-2.23398208618164
6.60708333333333,-2.16150283813477
6.61375,-2.06851959228516
6.62041666666667,-1.92975997924805
6.62708333333333,-1.70421600341797
6.63375,-1.34801864624023
6.64041666666667,-0.837802886962891
6.64708333333333,-0.19073486328125
6.65375,0.524044036865234
6.66041666666667,1.18350982666016
6.66708333333333,1.64699554443359
6.67375,1.80768966674805
6.68041666666667,1.62839889526367
6.68708333333333,1.14917755126953
6.69375,0.472068786621094
6.70041666666667,-0.263214111328125
6.70708333333333,-0.924110412597656
6.71375,-1.42860412597656
6.72041666666667,-1.75619125366211
6.72708333333333,-1.93500518798828
6.73375,-2.00796127319336
6.74041666666667,-2.00891494750977
6.74708333333333,-1.95407867431641
6.75375,-1.83296203613281
6.76041666666667,-1.61266326904297
6.76708333333333,-1.23739242553711
6.77375,-0.646114349365234
6.78041666666667,0.194072723388672
6.78708333333333,1.2516975402832
6.79375,2.39133834838867
6.80041666666667,3.39460372924805
6.80708333333333,4.03404235839844
6.81375,4.16707992553711
6.82041666666667,3.78036499023438
6.82708333333333,2.97355651855469
6.83375,1.92975997924805
6.84041666666667,0.867843627929688
6.84708333333333,-0.0295639038085938
6.85375,-0.673770904541016
6.86041666666667,-1.08098983764648
6.86708333333333,-1.31654739379883
6.87375,-1.43957138061523
6.88041666666667,-1.46913528442383
6.88708333333333,-1.37948989868164
6.89375,-1.11150741577148
6.90041666666667,-0.575542449951172
6.90708333333333,0.335216522216797
6.91375,1.69992446899414
6.92041666666667,3.48949432373047
6.92708333333333,5.49221038818359
6.93375,7.33184814453125
6.94041666666667,8.59260559082031
6.94708333333333,8.97836685180664
6.95375,8.40425491333008
6.96041666666667,7.00044631958008
6.96708333333333,5.07640838623047
6.97375,3.04412841796875
6.98041666666667,1.28269195556641
6.98708333333333,0.003814697265625
6.99375,-0.782966613769531
7.00041666666667,-1.19209289550781
7.00708333333333,-1.3585090637207
7.01375,-1.38568878173828
7.02041666666667,-1.33943557739258
7.02708333333333,-1.25885009765625
7.03375,-1.15680694580078
7.04041666666667,-1.03187561035156
7.04708333333333,-0.8697509765625
7.05375,-0.646591186523438
7.06041666666667,-0.344753265380859
7.06708333333333,0.0362396240234375
7.07375,0.454902648925781
7.08041666666667,0.845432281494141
7.08708333333333,1.13344192504883
7.09375,1.26457214355469
7.10041666666667,1.2211799621582
7.10708333333333,1.01900100708008
7.11375,0.712394714355469
7.12041666666667,0.370025634765625
7.12708333333333,0.0591278076171875
7.13375,-0.177383422851563
7.14041666666667,-0.332355499267578
7.14708333333333,-0.424385070800781
7.15375,-0.476837158203125
7.16041666666667,-0.508308410644531
7.16708333333333,-0.532627105712891
7.17375,-0.557422637939453
7.18041666666667,-0.581741333007813
7.18708333333333,-0.589370727539063
7.19375,-0.562667846679688
7.20041666666667,-0.485420227050781
7.20708333333333,-0.349998474121094
7.21375,-0.162601470947266
7.22041666666667,0.0538825988769531
7.22708333333333,0.260829925537109
7.23375,0.417709350585938
7.24041666666667,0.493526458740234
7.24708333333333,0.475883483886719
7.25375,0.368118286132813
7.26041666666667,0.195503234863281
7.26708333333333,-0.00524520874023438
7.27375,-0.194549560546875
7.28041666666667,-0.339508056640625
7.28708333333333,-0.427722930908203
7.29375,-0.455379486083984
7.30041666666667,-0.428676605224609
7.30708333333333,-0.351428985595703
7.31375,-0.233650207519531
7.32041666666667,-0.09918212890625
7.32708333333333,0.02288818359375
7.33375,0.1068115234375
7.34041666666667,0.136375427246094
7.34708333333333,0.108242034912109
7.35375,0.0309944152832031
7.36041666666667,-0.0667572021484375
7.36708333333333,-0.148296356201172
7.37375,-0.187397003173828
7.38041666666667,-0.177383422851563
7.38708333333333,-0.131607055664063
7.39375,-0.0634193420410156
7.40041666666667,0.0123977661132813
7.40708333333333,0.0815391540527344
7.41375,0.1373291015625
7.42041666666667,0.177860260009766
7.42708333333333,0.204086303710938
7.43375,0.210285186767578
7.44041666666667,0.197410583496094
7.44708333333333,0.179767608642578
7.45375,0.185966491699219
7.46041666666667,0.252723693847656
7.46708333333333,0.443458557128906
7.47375,0.862598419189453
7.48041666666667,1.65748596191406
7.48708333333333,3.00455093383789
7.49375,5.07068634033203
7.50041666666667,7.94696807861328
7.50708333333333,11.5032196044922
7.51375,15.284538269043
7.52041666666667,18.552303314209
7.52708333333333,20.5483436584473
7.53375,20.7991600036621
7.54041666666667,19.2599296569824
7.54708333333333,16.2901878356934
7.55375,12.5503540039063
7.56041666666667,8.84103775024414
7.56708333333333,5.85842132568359
7.57375,3.95345687866211
7.58041666666667,3.07035446166992
7.58708333333333,2.89487838745117
7.59375,3.05747985839844
7.60041666666667,3.26204299926758
7.60708333333333,3.32164764404297
7.61375,3.15570831298828
7.62041666666667,2.77233123779297
7.62708333333333,2.24065780639648
7.63375,1.65843963623047
7.64041666666667,1.12342834472656
7.64708333333333,0.703811645507813
7.65375,0.421524047851563
7.66041666666667,0.260353088378906
7.66708333333333,0.198841094970703
7.67375,0.242710113525391
7.68041666666667,0.432014465332031
7.68708333333333,0.865936279296875
7.69375,1.74522399902344
7.70041666666667,3.47566604614258
7.70708333333333,6.83307647705078
7.71375,13.3810043334961
7.72041666666667,26.5936851501465
7.72708333333333,54.3026924133301
7.73375,112.04719543457
7.74041666666667,224.01237487793
7.74708333333333,413.173198699951
7.75375,681.416034698486
7.76041666666667,1001.2903213501
7.76708333333333,1326.29442214966
7.77375,1607.68699645996
7.78041666666667,1801.09024047852
7.78708333333333,1872.46370315552
7.79375,1814.28384780884
7.80041666666667,1650.97379684448
7.80708333333333,1424.91054534912
7.81375,1175.30345916748
7.82041666666667,929.505348205566
7.82708333333333,705.586433410645
7.83375,514.527320861816
7.84041666666667,361.199378967285
7.84708333333333,245.419979095459
7.85375,163.158416748047
7.86041666666667,108.072280883789
7.86708333333333,73.0576515197754
7.87375,51.5828132629395
7.88041666666667,38.517951965332
7.88708333333333,30.3936004638672
7.89375,25.1297950744629
7.90041666666667,21.5673446655273
7.90708333333333,19.0620422363281
7.91375,17.2414779663086
7.92041666666667,15.8791542053223
7.92708333333333,14.8258209228516
7.93375,13.9846801757813
7.94041666666667,13.3051872253418
7.94708333333333,12.7782821655273
7.95375,12.4220848083496
7.96041666666667,12.2618675231934
7.96708333333333,12.3157501220703
7.97375,12.5679969787598
7.98041666666667,12.9494667053223
7.98708333333333,13.3447647094727
7.99375,13.6198997497559
8.00041666666667,13.679027557373
8.00708333333333,13.4897232055664
8.01375,13.0877494812012
8.02041666666667,12.5527381896973
8.02708333333333,11.9872093200684
8.03375,11.4870071411133
8.04041666666667,11.1055374145508
8.04708333333333,10.8451843261719
8.05375,10.6673240661621
8.06041666666667,10.5290412902832
8.06708333333333,10.401725769043
8.07375,10.2686882019043
8.08041666666667,10.1222991943359
8.08708333333333,9.9644660949707
8.09375,9.80043411254883
8.10041666666667,9.63735580444336
8.10708333333333,9.47666168212891
8.11375,9.32025909423828
8.12041666666667,9.17196273803711
8.12708333333333,9.03415679931641
8.13375,8.90207290649414
8.14041666666667,8.76331329345703
8.14708333333333,8.6054801940918
8.15375,8.42046737670898
8.16041666666667,8.20732116699219
8.16708333333333,7.96651840209961
8.17375,7.7061653137207
8.18041666666667,7.44104385375977
8.18708333333333,7.18402862548828
8.19375,6.94608688354492
8.20041666666667,6.73246383666992
8.20708333333333,6.54363632202148
8.21375,6.3776969909668
8.22041666666667,6.22844696044922
8.22708333333333,6.09159469604492
8.23375,5.96094131469727
8.24041666666667,5.82551956176758
8.24708333333333,5.68294525146484
8.25375,5.52988052368164
8.26041666666667,5.36775588989258
8.26708333333333,5.19752502441406
8.27375,5.02920150756836
8.28041666666667,4.87232208251953
8.28708333333333,4.730224609375
8.29375,4.59909439086914
8.30041666666667,4.48179244995117
8.30708333333333,4.3797492980957
8.31375,4.29201126098633
8.32041666666667,4.21810150146484
8.32708333333333,4.16231155395508
8.33375,4.13608551025391
8.34041666666667,4.14848327636719
8.34708333333333,4.20808792114258
8.35375,4.31585311889648
8.36041666666667,4.46748733520508
8.36708333333333,4.65297698974609
8.37375,4.84275817871094
8.38041666666667,4.99582290649414
8.38708333333333,5.06925582885742
8.39375,5.04302978515625
8.40041666666667,4.91523742675781
8.40708333333333,4.70399856567383
8.41375,4.44364547729492
8.42041666666667,4.17232513427734
8.42708333333333,3.92436981201172
8.43375,3.71265411376953
8.44041666666667,3.54385375976563
8.44708333333333,3.41081619262695
8.45375,3.30257415771484
8.46041666666667,3.21149826049805
8.46708333333333,3.13758850097656
8.47375,3.08513641357422
8.48041666666667,3.04937362670898
8.48708333333333,3.0207633972168
8.49375,2.99739837646484
8.50041666666667,2.98070907592773
8.50708333333333,2.96974182128906
8.51375,2.95734405517578
8.52041666666667,2.94256210327148
8.52708333333333,2.92587280273438
8.53375,2.90679931640625
8.54041666666667,2.88486480712891
8.54708333333333,2.86340713500977
8.55375,2.84433364868164
8.56041666666667,2.82716751098633
8.56708333333333,2.81667709350586
8.57375,2.81620025634766
8.58041666666667,2.82478332519531
8.58708333333333,2.84242630004883
8.59375,2.87055969238281
8.60041666666667,2.91156768798828
8.60708333333333,2.96258926391602
8.61375,3.01885604858398
8.62041666666667,3.07130813598633
8.62708333333333,3.11279296875
8.63375,3.13663482666016
8.64041666666667,3.13854217529297
8.64708333333333,3.11994552612305
8.65375,3.08752059936523
8.66041666666667,3.05700302124023
8.66708333333333,3.04126739501953
8.67375,3.05032730102539
8.68041666666667,3.08656692504883
8.68708333333333,3.14044952392578
8.69375,3.19671630859375
8.70041666666667,3.24106216430664
8.70708333333333,3.26204299926758
8.71375,3.25155258178711
8.72041666666667,3.21340560913086
8.72708333333333,3.16286087036133
8.73375,3.11613082885742
8.74041666666667,3.08084487915039
8.74708333333333,3.05843353271484
8.75375,3.05032730102539
8.76041666666667,3.05509567260742
8.76708333333333,3.0670166015625
8.77375,3.08084487915039
8.78041666666667,3.09562683105469
8.78708333333333,3.11374664306641
8.79375,3.13520431518555
8.80041666666667,3.15427780151367
8.80708333333333,3.16524505615234
8.81375,3.16476821899414
8.82041666666667,3.15427780151367
8.82708333333333,3.13282012939453
8.83375,3.10182571411133
8.84041666666667,3.07035446166992
8.84708333333333,3.04937362670898
8.85375,3.04460525512695
8.86041666666667,3.05604934692383
8.86708333333333,3.08895111083984
8.87375,3.14855575561523
8.88041666666667,3.24296951293945
8.88708333333333,3.3717155456543
8.89375,3.53574752807617
8.90041666666667,3.73363494873047
8.90708333333333,3.94916534423828
8.91375,4.15515899658203
8.92041666666667,4.31108474731445
8.92708333333333,4.38785552978516
8.93375,4.37688827514648
8.94041666666667,4.28867340087891
8.94708333333333,4.14657592773438
8.95375,3.97634506225586
8.96041666666667,3.80897521972656
8.96708333333333,3.66926193237305
8.97375,3.56435775756836
8.98041666666667,3.48901748657227
8.98708333333333,3.43465805053711
8.99375,3.39984893798828
9.00041666666667,3.38125228881836
9.00708333333333,3.37409973144531
9.01375,3.37314605712891
9.02041666666667,3.3726692199707
9.02708333333333,3.3721923828125
9.03375,3.37123870849609
9.04041666666667,3.37362289428711
9.04708333333333,3.37839126586914
9.05375,3.387451171875
9.06041666666667,3.39984893798828
9.06708333333333,3.41367721557617
9.07375,3.43132019042969
9.08041666666667,3.45325469970703
9.08708333333333,3.48043441772461
9.09375,3.51047515869141
9.10041666666667,3.54337692260742
9.10708333333333,3.57961654663086
9.11375,3.61347198486328
9.12041666666667,3.64160537719727
9.12708333333333,3.66735458374023
9.13375,3.69739532470703
9.14041666666667,3.73983383178711
9.14708333333333,3.80182266235352
9.15375,3.91054153442383
9.16041666666667,4.10604476928711
9.16708333333333,4.42743301391602
9.17375,4.8828125
9.18041666666667,5.42736053466797
9.18708333333333,5.96523284912109
9.19375,6.37483596801758
9.20041666666667,6.55841827392578
9.20708333333334,6.47735595703125
9.21375,6.15739822387695
9.22041666666667,5.68294525146484
9.22708333333333,5.17082214355469
9.23375,4.730224609375
9.24041666666667,4.42266464233398
9.24708333333333,4.25004959106445
9.25375,4.17566299438477
9.26041666666667,4.15563583374023
9.26708333333333,4.15706634521484
9.27375,4.16755676269531
9.28041666666667,4.18186187744141
9.28708333333333,4.19759750366211
9.29375,4.21333312988281
9.30041666666667,4.22859191894531
9.30708333333333,4.24766540527344
9.31375,4.26959991455078
9.32041666666667,4.29391860961914
9.32708333333333,4.31919097900391
9.33375,4.34207916259766
9.34041666666667,4.36067581176758
9.34708333333333,4.37545776367188
9.35375,4.38880920410156
9.36041666666667,4.40311431884766
9.36708333333333,4.42790985107422
9.37375,4.47845458984375
9.38041666666667,4.56953048706055
9.38708333333333,4.70638275146484
9.39375,4.87899780273438
9.40041666666667,5.0663948059082
9.40708333333333,5.23996353149414
9.41375,5.37204742431641
9.42041666666667,5.44214248657227
9.42708333333333,5.44452667236328
9.43375,5.39207458496094
9.44041666666667,5.30624389648438
9.44708333333333,5.21135330200195
9.45375,5.12218475341797
9.46041666666667,5.04589080810547
9.46708333333333,4.98437881469727
9.47375,4.93288040161133
9.48041666666667,4.89091873168945
9.48708333333333,4.85897064208984
9.49375,4.8365592956543
9.50041666666667,4.82320785522461
9.50708333333333,4.8213005065918
9.51375,4.82892990112305
9.52041666666667,4.84228134155273
9.52708333333333,4.85897064208984
9.53375,4.87899780273438
9.54041666666667,4.90093231201172
9.54708333333333,4.92191314697266
9.55375,4.94050979614258
9.56041666666667,4.95576858520508
9.56708333333333,4.96864318847656
9.57375,4.98151779174805
9.58041666666667,4.99486923217773
9.58708333333333,5.00631332397461
9.59375,5.01537322998047
9.60041666666667,5.02634048461914
9.60708333333333,5.03635406494141
9.61375,5.04255294799805
9.62041666666667,5.04541397094727
9.62708333333333,5.05161285400391
9.63375,5.06448745727539
9.64041666666667,5.08022308349609
9.64708333333333,5.09738922119141
9.65375,5.11312484741211
9.66041666666667,5.12790679931641
9.66708333333333,5.13792037963867
9.67375,5.1422119140625
9.68041666666667,5.13935089111328
9.68708333333333,5.12886047363281
9.69375,5.11312484741211
9.70041666666667,5.09166717529297
9.70708333333334,5.06448745727539
9.71375,5.03063201904297
9.72041666666667,4.9891471862793
9.72708333333333,4.94146347045898
9.73375,4.88758087158203
9.74041666666667,4.83036041259766
9.74708333333333,4.76741790771484
9.75375,4.69875335693359
9.76041666666667,4.62818145751953
9.76708333333333,4.56047058105469
9.77375,4.49609756469727
9.78041666666667,4.43172454833984
9.78708333333333,4.36687469482422
9.79375,4.30583953857422
9.80041666666667,4.25148010253906
9.80708333333333,4.20045852661133
9.81375,4.14896011352539
9.82041666666667,4.09460067749023
9.82708333333333,4.03881072998047
9.83375,3.98159027099609
9.84041666666667,3.92293930053711
9.84708333333333,3.86571884155273
9.85375,3.81326675415039
9.86041666666667,3.7689208984375
9.86708333333333,3.72934341430664
9.87375,3.69024276733398
9.88041666666667,3.65018844604492
9.88708333333333,3.60774993896484
9.89375,3.56483459472656
9.90041666666667,3.52144241333008
9.90708333333333,3.47566604614258
9.91375,3.43227386474609
9.92041666666667,3.39174270629883
9.92708333333333,3.35502624511719
9.93375,3.32117080688477
9.94041666666667,3.29303741455078
9.94708333333333,3.27444076538086
9.95375,3.26347351074219
9.96041666666667,3.25298309326172
9.96708333333333,3.23724746704102
9.97375,3.21674346923828
9.98041666666667,3.19385528564453
9.98708333333333,3.1733512878418
9.99375,3.15570831298828
10.0004166666667,3.14092636108398
10.0070833333333,3.13186645507813
10.01375,3.12662124633789
10.0204166666667,3.11994552612305
10.0270833333333,3.10325622558594
10.03375,3.07369232177734
10.0404166666667,3.03077697753906
10.0470833333333,2.98070907592773
10.05375,2.92634963989258
10.0604166666667,2.87103652954102
10.0670833333333,2.81810760498047
10.07375,2.77328491210938
10.0804166666667,2.73704528808594
10.0870833333333,2.70223617553711
10.09375,2.66361236572266
10.1004166666667,2.61926651000977
10.1070833333333,2.57062911987305
10.11375,2.5172233581543
10.1204166666667,2.46238708496094
10.1270833333333,2.41231918334961
10.13375,2.37035751342773
10.1404166666667,2.33650207519531
10.1470833333333,2.30741500854492
10.15375,2.28166580200195
10.1604166666667,2.25734710693359
10.1670833333333,2.23493576049805
10.17375,2.21395492553711
10.1804166666667,2.19535827636719
10.1870833333333,2.17962265014648
10.19375,2.16865539550781
10.2004166666667,2.16150283813477
10.2070833333333,2.15291976928711
10.21375,2.14099884033203
10.2204166666667,2.12192535400391
10.2270833333333,2.10094451904297
10.23375,2.07948684692383
10.2404166666667,2.06375122070313
10.2470833333333,2.05516815185547
10.25375,2.05135345458984
10.2604166666667,2.05135345458984
10.2670833333333,2.05039978027344
10.27375,2.04658508300781
10.2804166666667,2.03704833984375
10.2870833333333,2.02131271362305
10.29375,2.00223922729492
10.3004166666667,1.983642578125
10.3070833333333,1.96743011474609
10.31375,1.9526481628418
10.3204166666667,1.94168090820313
10.3270833333333,1.93119049072266
10.33375,1.922607421875
10.3404166666667,1.91545486450195
10.3470833333333,1.91116333007813
10.35375,1.9078254699707
10.3604166666667,1.90019607543945
10.3670833333333,1.89113616943359
10.37375,1.88207626342773
10.3804166666667,1.87253952026367
10.3870833333333,1.86014175415039
10.39375,1.8458366394043
10.4004166666667,1.83439254760742
10.4070833333333,1.82485580444336
10.41375,1.8153190612793
10.4204166666667,1.80721282958984
10.4270833333333,1.79958343505859
10.43375,1.79433822631836
10.4404166666667,1.79004669189453
10.4470833333333,1.7857551574707
10.45375,1.78146362304688
10.4604166666667,1.77669525146484
10.4670833333333,1.77526473999023
10.47375,1.77335739135742
10.4804166666667,1.77097320556641
10.4870833333333,1.76811218261719
10.49375,1.76429748535156
10.5004166666667,1.75857543945313
10.5070833333333,1.74522399902344
10.51375,1.72567367553711
10.5204166666667,1.70373916625977
10.5270833333333,1.68275833129883
10.53375,1.66416168212891
10.5404166666667,1.6474723815918
10.5470833333333,1.63364410400391
10.55375,1.62124633789063
10.5604166666667,1.60789489746094
10.5670833333333,1.59311294555664
10.57375,1.57976150512695
10.5804166666667,1.56736373901367
10.5870833333333,1.55830383300781
10.59375,1.55210494995117
10.6004166666667,1.54829025268555
10.6070833333333,1.54495239257813
10.61375,1.53493881225586
10.6204166666667,1.52111053466797
10.6270833333333,1.50346755981445
10.63375,1.48439407348633
10.6404166666667,1.46627426147461
10.6470833333333,1.4491081237793
10.65375,1.4348030090332
10.6604166666667,1.42526626586914
10.6670833333333,1.42002105712891
10.67375,1.4195442199707
10.6804166666667,1.42002105712891
10.6870833333333,1.4195442199707
10.69375,1.41763687133789
10.7004166666667,1.41286849975586
10.7070833333333,1.40476226806641
10.71375,1.39188766479492
10.7204166666667,1.37948989868164
10.7270833333333,1.36947631835938
10.73375,1.35946273803711
10.7404166666667,1.34992599487305
10.7470833333333,1.34420394897461
10.75375,1.34086608886719
10.7604166666667,1.33466720581055
10.7670833333333,1.32274627685547
10.77375,1.3127326965332
10.7804166666667,1.30748748779297
10.7870833333333,1.30414962768555
10.79375,1.2969970703125
10.8004166666667,1.28841400146484
10.8070833333333,1.28459930419922
10.81375,1.28459930419922
10.8204166666667,1.2812614440918
10.8270833333333,1.27363204956055
10.83375,1.2664794921875
10.8404166666667,1.26218795776367
10.8470833333333,1.25694274902344
10.85375,1.251220703125
10.8604166666667,1.24692916870117
10.8670833333333,1.24454498291016
10.87375,1.24025344848633
10.8804166666667,1.23357772827148
10.8870833333333,1.22594833374023
10.89375,1.21784210205078
10.9004166666667,1.20639801025391
10.9070833333333,1.19256973266602
10.91375,1.17778778076172
10.9204166666667,1.16682052612305
10.9270833333333,1.15966796875
10.93375,1.15394592285156
10.9404166666667,1.14917755126953
10.9470833333333,1.14774703979492
10.95375,1.15060806274414
10.9604166666667,1.15537643432617
10.9670833333333,1.15823745727539
10.97375,1.15776062011719
10.9804166666667,1.15489959716797
10.9870833333333,1.15156173706055
10.99375,1.14870071411133
11.0004166666667,1.14583969116211
11.0070833333333,1.14250183105469
11.01375,1.14154815673828
11.0204166666667,1.1448860168457
11.0270833333333,1.15108489990234
11.03375,1.15537643432617
11.0404166666667,1.15633010864258
11.0470833333333,1.15442276000977
11.05375,1.14822387695313
11.0604166666667,1.13630294799805
11.0670833333333,1.12056732177734
11.07375,1.10340118408203
11.0804166666667,1.08671188354492
11.0870833333333,1.07288360595703
11.09375,1.06573104858398
11.1004166666667,1.06382369995117
11.1070833333333,1.06287002563477
11.11375,1.06239318847656
11.1204166666667,1.06334686279297
11.1270833333333,1.06573104858398
11.13375,1.068115234375
11.1404166666667,1.06906890869141
11.1470833333333,1.07240676879883
11.15375,1.07812881469727
11.1604166666667,1.08194351196289
11.1670833333333,1.08051300048828
11.17375,1.07383728027344
11.1804166666667,1.06477737426758
11.1870833333333,1.05524063110352
11.19375,1.04427337646484
11.2004166666667,1.03378295898438
11.2070833333333,1.02472305297852
11.21375,1.01804733276367
11.2204166666667,1.01375579833984
11.2270833333333,1.00994110107422
11.23375,1.00803375244141
11.2404166666667,1.00517272949219
11.2470833333333,1.00231170654297
11.25375,0.995159149169922
11.2604166666667,0.984668731689453
11.2670833333333,0.972270965576172
11.27375,0.959396362304688
11.2804166666667,0.949859619140625
11.2870833333333,0.944614410400391
11.29375,0.945568084716797
11.3004166666667,0.948429107666016
11.3070833333333,0.953197479248047
11.31375,0.958442687988281
11.3204166666667,0.962734222412109
11.3270833333333,0.967979431152344
11.33375,0.973224639892578
11.3404166666667,0.979423522949219
11.3470833333333,0.987052917480469
11.35375,0.993728637695313
11.3604166666667,0.997543334960938
11.3670833333333,0.997543334960938
11.37375,0.994682312011719
11.3804166666667,0.989437103271484
11.3870833333333,0.978946685791016
11.39375,0.963211059570313
11.4004166666667,0.946044921875
11.4070833333333,0.928401947021484
11.41375,0.910282135009766
11.4204166666667,0.891208648681641
11.4270833333333,0.871181488037109
11.43375,0.854015350341797
11.4404166666667,0.8392333984375
11.4470833333333,0.827312469482422
11.45375,0.819206237792969
11.4604166666667,0.815868377685547
11.4670833333333,0.816822052001953
11.47375,0.819683074951172
11.4804166666667,0.824451446533203
11.4870833333333,0.830650329589844
11.49375,0.838279724121094
11.5004166666667,0.844001770019531
11.5070833333333,0.849723815917969
11.51375,0.8544921875
11.5204166666667,0.856876373291016
11.5270833333333,0.854015350341797
11.53375,0.847339630126953
11.5404166666667,0.8392333984375
11.5470833333333,0.829696655273438
11.55375,0.820636749267578
11.5604166666667,0.815391540527344
11.5670833333333,0.813484191894531
11.57375,0.809669494628906
11.5804166666667,0.804424285888672
11.5870833333333,0.799655914306641
11.59375,0.794410705566406
11.6004166666667,0.782012939453125
11.6070833333333,0.766277313232422
11.61375,0.752449035644531
11.6204166666667,0.744342803955078
11.6270833333333,0.736236572265625
11.63375,0.728607177734375
11.6404166666667,0.726222991943359
11.6470833333333,0.727653503417969
11.65375,0.728607177734375
11.6604166666667,0.72479248046875
11.6670833333333,0.721454620361328
11.67375,0.720024108886719
11.6804166666667,0.716686248779297
11.6870833333333,0.710964202880859
11.69375,0.705718994140625
11.7004166666667,0.707149505615234
11.7070833333333,0.710010528564453
11.71375,0.710010528564453
11.7204166666667,0.705718994140625
11.7270833333333,0.697135925292969
11.73375,0.685691833496094
11.7404166666667,0.669479370117188
11.7470833333333,0.652790069580078
11.75375,0.635623931884766
11.7604166666667,0.619411468505859
11.7670833333333,0.609397888183594
11.77375,0.605583190917969
11.7804166666667,0.603199005126953
11.7870833333333,0.596523284912109
11.79375,0.589370727539063
11.8004166666667,0.58746337890625
11.8070833333333,0.586032867431641
11.81375,0.584602355957031
11.8204166666667,0.584125518798828
11.8270833333333,0.587940216064453
11.83375,0.591278076171875
11.8404166666667,0.590801239013672
11.8470833333333,0.586509704589844
11.85375,0.582218170166016
11.8604166666667,0.577449798583984
11.8670833333333,0.575542449951172
11.87375,0.578880310058594
11.8804166666667,0.588893890380859
11.8870833333333,0.600337982177734
11.89375,0.609874725341797
11.9004166666667,0.617027282714844
11.9070833333333,0.621795654296875
11.91375,0.623703002929688
11.9204166666667,0.621795654296875
11.9270833333333,0.616073608398438
11.93375,0.6103515625
11.9404166666667,0.605583190917969
11.9470833333333,0.603199005126953
11.95375,0.601291656494141
11.9604166666667,0.599861145019531
11.9670833333333,0.601768493652344
11.97375,0.607013702392578
11.9804166666667,0.613212585449219
11.9870833333333,0.61798095703125
11.99375,0.623703002929688
12.0004166666667,0.630378723144531
12.0070833333333,0.634670257568359
12.01375,0.635147094726563
12.0204166666667,0.63323974609375
12.0270833333333,0.631332397460938
12.03375,0.628471374511719
12.0404166666667,0.624179840087891
12.0470833333333,0.620365142822266
12.05375,0.616550445556641
12.0604166666667,0.612735748291016
12.0670833333333,0.609874725341797
12.07375,0.606060028076172
12.0804166666667,0.604152679443359
12.0870833333333,0.604629516601563
12.09375,0.608444213867188
12.1004166666667,0.615119934082031
12.1070833333333,0.623226165771484
12.11375,0.634670257568359
12.1204166666667,0.647068023681641
12.1270833333333,0.661373138427734
12.13375,0.675201416015625
12.1404166666667,0.686168670654297
12.1470833333333,0.691890716552734
12.15375,0.692844390869141
12.1604166666667,0.693321228027344
12.1670833333333,0.69427490234375
12.17375,0.696659088134766
12.1804166666667,0.702857971191406
12.1870833333333,0.710487365722656
12.19375,0.716686248779297
12.2004166666667,0.716686248779297
12.2070833333333,0.709056854248047
12.21375,0.694751739501953
12.2204166666667,0.675678253173828
12.2270833333333,0.659942626953125
12.23375,0.652790069580078
12.2404166666667,0.655174255371094
12.2470833333333,0.662803649902344
12.25375,0.672340393066406
12.2604166666667,0.680923461914063
12.2670833333333,0.6866455078125
12.27375,0.689029693603516
12.2804166666667,0.691413879394531
12.2870833333333,0.696659088134766
12.29375,0.705242156982422
12.3004166666667,0.716686248779297
12.3070833333333,0.729560852050781
12.31375,0.738143920898438
12.3204166666667,0.743865966796875
12.3270833333333,0.747203826904297
12.33375,0.751018524169922
12.3404166666667,0.75531005859375
12.3470833333333,0.759124755859375
12.35375,0.762939453125
12.3604166666667,0.763893127441406
12.3670833333333,0.759124755859375
12.37375,0.752449035644531
12.3804166666667,0.7476806640625
12.3870833333333,0.7476806640625
12.39375,0.750541687011719
12.4004166666667,0.758171081542969
12.4070833333333,0.769615173339844
12.41375,0.781059265136719
12.4204166666667,0.788211822509766
12.4270833333333,0.791072845458984
12.43375,0.791072845458984
12.4404166666667,0.789165496826172
12.4470833333333,0.787734985351563
12.45375,0.787734985351563
12.4604166666667,0.789165496826172
12.4670833333333,0.792980194091797
12.47375,0.799179077148438
12.4804166666667,0.805854797363281
12.4870833333333,0.811100006103516
12.49375,0.815868377685547
12.5004166666667,0.818729400634766
12.5070833333333,0.818252563476563
12.51375,0.817298889160156
12.5204166666667,0.819206237792969
12.5270833333333,0.823974609375
12.53375,0.829219818115234
12.5404166666667,0.836372375488281
12.5470833333333,0.84686279296875
12.55375,0.855922698974609
12.5604166666667,0.859260559082031
12.5670833333333,0.859260559082031
12.57375,0.856399536132813
12.5804166666667,0.854015350341797
12.5870833333333,0.850200653076172
12.59375,0.846385955810547
12.6004166666667,0.846385955810547
12.6070833333333,0.850677490234375
12.61375,0.860691070556641
12.6204166666667,0.868797302246094
12.6270833333333,0.87738037109375
12.63375,0.885963439941406
12.6404166666667,0.894069671630859
12.6470833333333,0.901222229003906
12.65375,0.905513763427734
12.6604166666667,0.906467437744141
12.6670833333333,0.899314880371094
12.67375,0.882625579833984
12.6804166666667,0.856876373291016
12.6870833333333,0.818252563476563
12.69375,0.758647918701172
12.7004166666667,0.680446624755859
12.7070833333333,0.589847564697266
12.71375,0.492572784423828
12.7204166666667,0.383377075195313
12.7270833333333,0.258445739746094
12.73375,0.121593475341797
12.7404166666667,-0.0224113464355469
12.7470833333333,-0.172138214111328
12.75375,-0.330448150634766
12.7604166666667,-0.494956970214844
12.7670833333333,-0.659942626953125
12.77375,-0.822544097900391
12.7804166666667,-0.986099243164063
12.7870833333333,-1.15823745727539
12.79375,-1.34086608886719
12.8004166666667,-1.53207778930664
12.8070833333333,-1.73377990722656
12.81375,-1.94740295410156
12.8204166666667,-2.17103958129883
12.8270833333333,-2.39992141723633
12.83375,-2.63214111328125
12.8404166666667,-2.86722183227539
12.8470833333333,-3.10182571411133
12.85375,-3.33786010742188
12.8604166666667,-3.57627868652344
12.8670833333333,-3.82280349731445
12.87375,-4.07743453979492
12.8804166666667,-4.34160232543945
12.8870833333333,-4.61578369140625
12.89375,-4.89616394042969
12.9004166666667,-5.17988204956055
12.9070833333333,-5.46455383300781
12.91375,-5.75113296508789
12.9204166666667,-6.03914260864258
12.9270833333333,-6.32858276367188
12.93375,-6.6218376159668
12.9404166666667,-6.91938400268555
12.9470833333333,-7.21931457519531
12.95375,-7.52067565917969
12.9604166666667,-7.82346725463867
12.9670833333333,-8.13102722167969
12.97375,-8.44001770019531
12.9804166666667,-8.74662399291992
12.9870833333333,-9.04941558837891
12.99375,-9.35173034667969
13.0004166666667,-9.65166091918945
13.0070833333333,-9.94396209716797
13.01375,-10.2248191833496
13.0204166666667,-10.4985237121582
13.0270833333333,-10.7669830322266
13.03375,-11.0287666320801
13.0404166666667,-11.2805366516113
13.0470833333333,-11.5261077880859
13.05375,-11.7707252502441
13.0604166666667,-12.0158195495605
13.0670833333333,-12.2580528259277
13.07375,-12.4912261962891
13.0804166666667,-12.7143859863281
13.0870833333333,-12.9270553588867
13.09375,-13.129711151123
13.1004166666667,-13.3213996887207
13.1070833333333,-13.5035514831543
13.11375,-13.6823654174805
13.1204166666667,-13.8602256774902
13.1270833333333,-14.0337944030762
13.13375,-14.1997337341309
13.1404166666667,-14.3585205078125
13.1470833333333,-14.5139694213867
13.15375,-14.6641731262207
13.1604166666667,-14.8072242736816
13.1670833333333,-14.9431228637695
13.17375,-15.0752067565918
13.1804166666667,-15.2029991149902
13.1870833333333,-15.3264999389648
13.19375,-15.444278717041
13.2004166666667,-15.559196472168
13.2070833333333,-15.6736373901367
13.21375,-15.7866477966309
13.2204166666667,-15.9006118774414
13.2270833333333,-16.0079002380371
13.23375,-16.1066055297852
13.2404166666667,-16.1981582641602
13.2470833333333,-16.2878036499023
13.25375,-16.3760185241699
13.2604166666667,-16.4546966552734
13.2670833333333,-16.5257453918457
13.27375,-16.5963172912598
13.2804166666667,-16.6664123535156
13.2870833333333,-16.7317390441895
13.29375,-16.789436340332
13.3004166666667,-16.843318939209
13.3070833333333,-16.8952941894531
13.31375,-16.9434547424316
13.3204166666667,-16.9858932495117
13.3270833333333,-17.0245170593262
13.33375,-17.0602798461914
13.3404166666667,-17.0941352844238
13.3470833333333,-17.1213150024414
13.35375,-17.1408653259277
13.3604166666667,-17.1570777893066
13.3670833333333,-17.1704292297363
13.37375,-17.1809196472168
13.3804166666667,-17.1895027160645
13.3870833333333,-17.2023773193359
13.39375,-17.2185897827148
13.4004166666667,-17.2314643859863
13.4070833333333,-17.240047454834
13.41375,-17.242431640625
13.4204166666667,-17.2381401062012
13.4270833333333,-17.2257423400879
13.43375,-17.2109603881836
13.4404166666667,-17.1957015991211
13.4470833333333,-17.1737670898438
13.45375,-17.1456336975098
13.4604166666667,-17.1151161193848
13.4670833333333,-17.0831680297852
13.47375,-17.0450210571289
13.4804166666667,-17.0021057128906
13.4870833333333,-16.9615745544434
13.49375,-16.9267654418945
13.5004166666667,-16.8919563293457
13.5070833333333,-16.8547630310059
13.51375,-16.8170928955078
13.5204166666667,-16.779899597168
13.5270833333333,-16.7388916015625
13.53375,-16.693115234375
13.5404166666667,-16.6468620300293
13.5470833333333,-16.6034698486328
13.55375,-16.5591239929199
13.5604166666667,-16.5152549743652
13.5670833333333,-16.4728164672852
13.57375,-16.4346694946289
13.5804166666667,-16.3984298706055
13.5870833333333,-16.3612365722656
13.59375,-16.322135925293
13.6004166666667,-16.2801742553711
13.6070833333333,-16.2363052368164
13.61375,-16.1876678466797
13.6204166666667,-16.1337852478027
13.6270833333333,-16.0727500915527
13.63375,-16.0074234008789
13.6404166666667,-15.9430503845215
13.6470833333333,-15.8810615539551
13.65375,-15.8205032348633
13.6604166666667,-15.7628059387207
13.6670833333333,-15.7122611999512
13.67375,-15.6707763671875
13.6804166666667,-15.632152557373
13.6870833333333,-15.592098236084
13.69375,-15.5487060546875
13.7004166666667,-15.5038833618164
13.7070833333333,-15.4557228088379
13.71375,-15.4027938842773
13.7204166666667,-15.3474807739258
13.7270833333333,-15.2931213378906
13.73375,-15.2416229248047
13.7404166666667,-15.1925086975098
13.7470833333333,-15.1453018188477
13.75375,-15.0976181030273
13.7604166666667,-15.0465965270996
13.7670833333333,-14.9922370910645
13.77375,-14.9331092834473
13.7804166666667,-14.8706436157227
13.7870833333333,-14.8019790649414
13.79375,-14.7318840026855
13.8004166666667,-14.6632194519043
13.8070833333333,-14.5969390869141
13.81375,-14.5292282104492
13.8204166666667,-14.4596099853516
13.8270833333333,-14.3890380859375
13.83375,-14.3170356750488
13.8404166666667,-14.2393112182617
13.8470833333333,-14.155387878418
13.85375,-14.070987701416
13.8604166666667,-13.9880180358887
13.8670833333333,-13.9069557189941
13.87375,-13.8249397277832
13.8804166666667,-13.7438774108887
13.8870833333333,-13.6623382568359
13.89375,-13.5774612426758
13.9004166666667,-13.4897232055664
13.9070833333333,-13.4005546569824
13.91375,-13.312816619873
13.9204166666667,-13.2269859313965
13.9270833333333,-13.1435394287109
13.93375,-13.0624771118164
13.9404166666667,-12.9814147949219
13.9470833333333,-12.8955841064453
13.95375,-12.8045082092285
13.9604166666667,-12.7096176147461
13.9670833333333,-12.6142501831055
13.97375,-12.519359588623
13.9804166666667,-12.4249458312988
13.9870833333333,-12.333869934082
13.99375,-12.2442245483398
14.0004166666667,-12.1541023254395
14.0070833333333,-12.0625495910645
14.01375,-11.9724273681641
14.0204166666667,-11.8851661682129
14.0270833333333,-11.7998123168945
14.03375,-11.7173194885254
14.0404166666667,-11.6357803344727
14.0470833333333,-11.5532875061035
14.05375,-11.4636421203613
14.0604166666667,-11.3682746887207
14.0670833333333,-11.2719535827637
14.07375,-11.1780166625977
14.0804166666667,-11.0878944396973
14.0870833333333,-10.9992027282715
14.09375,-10.9124183654785
14.1004166666667,-10.8270645141602
14.1070833333333,-10.7402801513672
14.11375,-10.6501579284668
14.1204166666667,-10.556697845459
14.1270833333333,-10.462760925293
14.13375,-10.3693008422852
14.1404166666667,-10.2739334106445
14.1470833333333,-10.1752281188965
14.15375,-10.0736618041992
14.1604166666667,-9.96923446655273
14.1670833333333,-9.86337661743164
14.17375,-9.75656509399414
14.1804166666667,-9.64927673339844
14.1870833333333,-9.54484939575195
14.19375,-9.44280624389648
14.2004166666667,-9.34600830078125
14.2070833333333,-9.25159454345703
14.21375,-9.15622711181641
14.2204166666667,-9.05656814575195
14.2270833333333,-8.95166397094727
14.23375,-8.84294509887695
14.2404166666667,-8.73327255249023
14.2470833333333,-8.6207389831543
14.25375,-8.51011276245117
14.2604166666667,-8.40425491333008
14.2670833333333,-8.30507278442383
14.27375,-8.2087516784668
14.2804166666667,-8.10956954956055
14.2870833333333,-8.00800323486328
14.29375,-7.90548324584961
14.3004166666667,-7.80248641967773
14.3070833333333,-7.69901275634766
14.31375,-7.59458541870117
14.3204166666667,-7.49015808105469
14.3270833333333,-7.38525390625
14.33375,-7.28130340576172
14.3404166666667,-7.17735290527344
14.3470833333333,-7.07387924194336
14.35375,-6.96992874145508
14.3604166666667,-6.8669319152832
14.3670833333333,-6.76536560058594
14.37375,-6.66427612304688
14.3804166666667,-6.56270980834961
14.3870833333333,-6.45828247070313
14.39375,-6.35194778442383
14.4004166666667,-6.24656677246094
14.4070833333333,-6.14404678344727
14.41375,-6.04391098022461
14.4204166666667,-5.94377517700195
14.4270833333333,-5.8441162109375
14.43375,-5.74636459350586
14.4404166666667,-5.65052032470703
14.4470833333333,-5.55324554443359
14.45375,-5.45454025268555
14.4604166666667,-5.35869598388672
14.4670833333333,-5.26762008666992
14.47375,-5.17654418945313
14.4804166666667,-5.07974624633789
14.4870833333333,-4.97913360595703
14.49375,-4.87756729125977
14.5004166666667,-4.77313995361328
14.5070833333333,-4.66203689575195
14.51375,-4.54902648925781
14.5204166666667,-4.4403076171875
14.5270833333333,-4.33588027954102
14.53375,-4.23431396484375
14.5404166666667,-4.13322448730469
14.5470833333333,-4.03451919555664
14.55375,-3.93533706665039
14.5604166666667,-3.83281707763672
14.5670833333333,-3.72743606567383
14.57375,-3.61919403076172
14.5804166666667,-3.5090446472168
14.5870833333333,-3.39508056640625
14.59375,-3.27873229980469
14.6004166666667,-3.16190719604492
14.6070833333333,-3.04555892944336
14.61375,-2.9296875
14.6204166666667,-2.81858444213867
14.6270833333333,-2.70986557006836
14.63375,-2.60305404663086
14.6404166666667,-2.49767303466797
14.6470833333333,-2.39133834838867
14.65375,-2.28071212768555
14.6604166666667,-2.16197967529297
14.6670833333333,-2.04133987426758
14.67375,-1.91926956176758
14.6804166666667,-1.79672241210938
14.6870833333333,-1.67179107666016
14.69375,-1.54733657836914
14.7004166666667,-1.42574310302734
14.7070833333333,-1.30605697631836
14.71375,-1.18732452392578
14.7204166666667,-1.0685920715332
14.7270833333333,-0.951766967773438
14.73375,-0.834465026855469
14.7404166666667,-0.716686248779297
14.7470833333333,-0.592708587646484
14.75375,-0.464916229248047
14.7604166666667,-0.336647033691406
14.7670833333333,-0.211238861083984
14.77375,-0.0872611999511719
14.7804166666667,0.0371932983398438
14.7870833333333,0.159740447998047
14.79375,0.284194946289063
14.8004166666667,0.414848327636719
14.8070833333333,0.553607940673828
14.81375,0.697135925292969
14.8204166666667,0.839710235595703
14.8270833333333,0.980377197265625
14.83375,1.12152099609375
14.8404166666667,1.26266479492188
14.8470833333333,1.40237808227539
14.85375,1.54018402099609
14.8604166666667,1.67942047119141
14.8670833333333,1.81913375854492
14.87375,1.95837020874023
14.8804166666667,2.09522247314453
14.8870833333333,2.23398208618164
14.89375,2.37894058227539
14.9004166666667,2.52771377563477
14.9070833333333,2.67791748046875
14.91375,2.82621383666992
14.9204166666667,2.97355651855469
14.9270833333333,3.11756134033203
14.93375,3.25775146484375
14.9404166666667,3.39937210083008
14.9470833333333,3.54576110839844
14.95375,3.69739532470703
14.9604166666667,3.85189056396484
14.9670833333333,4.00876998901367
14.97375,4.17041778564453
14.9804166666667,4.33349609375
14.9870833333333,4.49466705322266
14.99375,4.6539306640625
15.0004166666667,4.81271743774414
