0.000416666666666667,-0.799179077148438
0.00708333333333333,-0.719547271728516
0.01375,-0.633716583251953
0.0204166666666667,-0.551223754882813
0.0270833333333333,-0.485897064208984
0.03375,-0.447750091552734
0.0404166666666667,-0.442028045654297
0.0470833333333333,-0.459671020507813
0.05375,-0.497341156005859
0.0604166666666667,-0.547885894775391
0.0670833333333333,-0.603675842285156
0.07375,-0.660896301269531
0.0804166666666667,-0.719070434570313
0.0870833333333333,-0.773429870605469
0.09375,-0.818252563476563
0.100416666666667,-0.854015350341797
0.107083333333333,-0.888824462890625
0.11375,-0.922203063964844
0.120416666666667,-0.948429107666016
0.127083333333333,-0.967025756835938
0.13375,-0.980854034423828
0.140416666666667,-0.991344451904297
0.147083333333333,-0.99945068359375
0.15375,-1.00612640380859
0.160416666666667,-1.01661682128906
0.167083333333333,-1.03569030761719
0.17375,-1.06334686279297
0.180416666666667,-1.09148025512695
0.187083333333333,-1.11293792724609
0.19375,-1.1296272277832
0.200416666666667,-1.14011764526367
0.207083333333333,-1.14154815673828
0.21375,-1.13439559936523
0.220416666666667,-1.129150390625
0.227083333333333,-1.13725662231445
0.23375,-1.15680694580078
0.240416666666667,-1.17921829223633
0.247083333333333,-1.20449066162109
0.25375,-1.23214721679688
0.260416666666667,-1.25694274902344
0.267083333333333,-1.26743316650391
0.27375,-1.26314163208008
0.280416666666667,-1.25503540039063
0.287083333333333,-1.24931335449219
0.29375,-1.24454498291016
0.300416666666667,-1.23977661132813
0.307083333333333,-1.23882293701172
0.31375,-1.24311447143555
0.320416666666667,-1.24788284301758
0.327083333333333,-1.25026702880859
0.33375,-1.2516975402832
0.340416666666667,-1.25503540039063
0.347083333333333,-1.25885009765625
0.35375,-1.26075744628906
0.360416666666667,-1.26457214355469
0.367083333333333,-1.27220153808594
0.37375,-1.28412246704102
0.380416666666667,-1.30128860473633
0.387083333333333,-1.32465362548828
0.39375,-1.35278701782227
0.400416666666667,-1.38711929321289
0.407083333333333,-1.42431259155273
0.41375,-1.45864486694336
0.420416666666667,-1.48487091064453
0.427083333333333,-1.50203704833984
0.43375,-1.5110969543457
0.440416666666667,-1.50775909423828
0.447083333333333,-1.49440765380859
0.45375,-1.47533416748047
0.460416666666667,-1.45053863525391
0.467083333333333,-1.40476226806641
0.47375,-1.27315521240234
0.480416666666667,-0.964164733886719
0.487083333333333,-0.4730224609375
0.49375,0.0143051147460938
0.500416666666667,0.226020812988281
0.507083333333333,0.0257492065429688
0.51375,-0.537395477294922
0.520416666666667,-1.34420394897461
0.527083333333333,-2.24208831787109
0.53375,-2.99692153930664
0.540416666666667,-3.36694717407227
0.547083333333333,-3.27730178833008
0.55375,-2.87580490112305
0.560416666666667,-2.39944458007813
0.567083333333333,-2.00986862182617
0.57375,-1.7542839050293
0.580416666666667,-1.60551071166992
0.587083333333333,-1.52683258056641
0.59375,-1.49011611938477
0.600416666666667,-1.47294998168945
0.607083333333333,-1.4653205871582
0.61375,-1.46627426147461
0.620416666666667,-1.47628784179688
0.627083333333333,-1.48963928222656
0.63375,-1.50489807128906
0.640416666666667,-1.52158737182617
0.647083333333333,-1.5411376953125
0.65375,-1.56021118164063
0.660416666666667,-1.57690048217773
0.667083333333333,-1.59835815429688
0.67375,-1.62029266357422
0.680416666666667,-1.64031982421875
0.687083333333333,-1.65653228759766
0.69375,-1.67179107666016
0.700416666666667,-1.68895721435547
0.707083333333333,-1.70040130615234
0.71375,-1.70707702636719
0.720416666666667,-1.7094612121582
0.727083333333333,-1.71041488647461
0.73375,-1.71327590942383
0.740416666666667,-1.72138214111328
0.747083333333333,-1.73854827880859
0.75375,-1.76382064819336
0.760416666666667,-1.80339813232422
0.767083333333333,-1.86681747436523
0.77375,-1.96552276611328
0.780416666666667,-2.11048126220703
0.787083333333333,-2.3045539855957
0.79375,-2.54297256469727
0.800416666666667,-2.80523300170898
0.807083333333333,-3.05604934692383
0.81375,-3.25345993041992
0.820416666666667,-3.35502624511719
0.827083333333333,-3.33309173583984
0.83375,-3.17811965942383
0.840416666666667,-2.90393829345703
0.847083333333333,-2.54678726196289
0.85375,-2.1514892578125
0.860416666666667,-1.76620483398438
0.867083333333333,-1.43003463745117
0.87375,-1.16825103759766
0.880416666666667,-0.992774963378906
0.887083333333333,-0.898838043212891
0.89375,-0.876903533935547
0.900416666666667,-0.914573669433594
0.907083333333333,-0.993728637695313
0.91375,-1.10244750976563
0.920416666666667,-1.23214721679688
0.927083333333333,-1.37948989868164
0.93375,-1.53875350952148
0.940416666666667,-1.70326232910156
0.947083333333333,-1.87253952026367
0.95375,-2.04610824584961
0.960416666666667,-2.22110748291016
0.967083333333333,-2.39229202270508
0.97375,-2.55298614501953
0.980416666666667,-2.70175933837891
0.987083333333333,-2.8376579284668
0.99375,-2.96354293823242
1.00041666666667,-3.07989120483398
1.00708333333333,-3.18717956542969
1.01375,-3.29351425170898
1.02041666666667,-3.4027099609375
1.02708333333333,-3.51476669311523
1.03375,-3.62014770507813
1.04041666666667,-3.71408462524414
1.04708333333333,-3.79753112792969
1.05375,-3.86905670166016
1.06041666666667,-3.92532348632813
1.06708333333333,-3.96490097045898
1.07375,-3.99684906005859
1.08041666666667,-4.02736663818359
1.08708333333333,-4.06265258789063
1.09375,-4.09984588623047
1.10041666666667,-4.13751602172852
1.10708333333333,-4.17423248291016
1.11375,-4.20999526977539
1.12041666666667,-4.24575805664063
1.12708333333333,-4.28152084350586
1.13375,-4.3182373046875
1.14041666666667,-4.36115264892578
1.14708333333333,-4.40835952758789
1.15375,-4.45699691772461
1.16041666666667,-4.50372695922852
1.16708333333333,-4.55236434936523
1.17375,-4.60195541381836
1.18041666666667,-4.64916229248047
1.18708333333333,-4.69541549682617
1.19375,-4.74882125854492
1.20041666666667,-4.80890274047852
1.20708333333333,-4.8680305480957
1.21375,-4.92238998413086
1.22041666666667,-4.97961044311523
1.22708333333333,-5.04398345947266
1.23375,-5.10692596435547
1.24041666666667,-5.16748428344727
1.24708333333333,-5.23138046264648
1.25375,-5.30385971069336
1.26041666666667,-5.38158416748047
1.26708333333333,-5.46026229858398
1.27375,-5.53989410400391
1.28041666666667,-5.62286376953125
1.28708333333333,-5.706787109375
1.29375,-5.78594207763672
1.30041666666667,-5.86175918579102
1.30708333333333,-5.9351921081543
1.31375,-6.00957870483398
1.32041666666667,-6.08015060424805
1.32708333333333,-6.14738464355469
1.33375,-6.21414184570313
1.34041666666667,-6.28376007080078
1.34708333333333,-6.35814666748047
1.35375,-6.43348693847656
1.36041666666667,-6.50930404663086
1.36708333333333,-6.58512115478516
1.37375,-6.65807723999023
1.38041666666667,-6.72340393066406
1.38708333333333,-6.77776336669922
1.39375,-6.82926177978516
1.40041666666667,-6.88600540161133
1.40708333333333,-6.94704055786133
1.41375,-7.01093673706055
1.42041666666667,-7.07292556762695
1.42708333333333,-7.13396072387695
1.43375,-7.18784332275391
1.44041666666667,-7.2331428527832
1.44708333333333,-7.27176666259766
1.45375,-7.3089599609375
1.46041666666667,-7.35187530517578
1.46708333333333,-7.4009895324707
1.47375,-7.45582580566406
1.48041666666667,-7.5078010559082
1.48708333333333,-7.55548477172852
1.49375,-7.60030746459961
1.50041666666667,-7.64751434326172
1.50708333333333,-7.69805908203125
1.51375,-7.75051116943359
1.52041666666667,-7.80725479125977
1.52708333333333,-7.86876678466797
1.53375,-7.93790817260742
1.54041666666667,-8.00800323486328
1.54708333333333,-8.08048248291016
1.55375,-8.15916061401367
1.56041666666667,-8.24642181396484
1.56708333333333,-8.33845138549805
1.57375,-8.43381881713867
1.58041666666667,-8.53061676025391
1.58708333333333,-8.63170623779297
1.59375,-8.73661041259766
1.60041666666667,-8.84389877319336
1.60708333333333,-8.95595550537109
1.61375,-9.06991958618164
1.62041666666667,-9.18865203857422
1.62708333333333,-9.30976867675781
1.63375,-9.43088531494141
1.64041666666667,-9.55295562744141
1.64708333333333,-9.6745491027832
1.65375,-9.79423522949219
1.66041666666667,-9.91058349609375
1.66708333333333,-10.0221633911133
1.67375,-10.1337432861328
1.68041666666667,-10.2486610412598
1.68708333333333,-10.3635787963867
1.69375,-10.474681854248
1.70041666666667,-10.5853080749512
1.70708333333333,-10.6968879699707
1.71375,-10.8051300048828
1.72041666666667,-10.9033584594727
1.72708333333333,-10.9925270080566
1.73375,-11.0797882080078
1.74041666666667,-11.1641883850098
1.74708333333333,-11.2457275390625
1.75375,-11.3224983215332
1.76041666666667,-11.4016532897949
1.76708333333333,-11.4846229553223
1.77375,-11.5699768066406
1.78041666666667,-11.6515159606934
1.78708333333333,-11.7287635803223
1.79375,-11.8041038513184
1.80041666666667,-11.8722915649414
1.80708333333333,-11.9338035583496
1.81375,-11.988639831543
1.82041666666667,-12.0439529418945
1.82708333333333,-12.0973587036133
1.83375,-12.1474266052246
1.84041666666667,-12.199878692627
1.84708333333333,-12.2570991516113
1.85375,-12.3171806335449
1.86041666666667,-12.3753547668457
1.86708333333333,-12.4330520629883
1.87375,-12.4893188476563
1.88041666666667,-12.5422477722168
1.88708333333333,-12.5899314880371
1.89375,-12.6333236694336
1.90041666666667,-12.6709938049316
1.90708333333333,-12.6981735229492
1.91375,-12.7201080322266
1.92041666666667,-12.7420425415039
1.92708333333333,-12.7654075622559
1.93375,-12.7863883972168
1.94041666666667,-12.8059387207031
1.94708333333333,-12.8316879272461
1.95375,-12.8588676452637
1.96041666666667,-12.8827095031738
1.96708333333333,-12.8998756408691
1.97375,-12.9156112670898
1.98041666666667,-12.932300567627
1.98708333333333,-12.9494667053223
1.99375,-12.9661560058594
2.00041666666667,-12.9852294921875
2.00708333333333,-13.0090713500977
2.01375,-13.0367279052734
2.02041666666667,-13.0610466003418
2.02708333333333,-13.0791664123535
2.03375,-13.0939483642578
2.04041666666667,-13.1082534790039
2.04708333333333,-13.1220817565918
2.05375,-13.1311416625977
2.06041666666667,-13.1382942199707
2.06708333333333,-13.150691986084
2.07375,-13.1659507751465
2.08041666666667,-13.1783485412598
2.08708333333333,-13.1850242614746
2.09375,-13.1874084472656
2.10041666666667,-13.188362121582
2.10708333333333,-13.188362121582
2.11375,-13.1897926330566
2.12041666666667,-13.1916999816895
2.12708333333333,-13.1940841674805
2.13375,-13.1983757019043
2.14041666666667,-13.2012367248535
2.14708333333333,-13.2002830505371
2.15375,-13.1950378417969
2.16041666666667,-13.1902694702148
2.16708333333333,-13.1850242614746
2.17375,-13.1793022155762
2.18041666666667,-13.1735801696777
2.18708333333333,-13.1688117980957
2.19375,-13.1630897521973
2.20041666666667,-13.1521224975586
2.20708333333333,-13.1406784057617
2.21375,-13.1349563598633
2.22041666666667,-13.1359100341797
2.22708333333333,-13.1387710571289
2.23375,-13.1359100341797
2.24041666666667,-13.1311416625977
2.24708333333333,-13.1254196166992
2.25375,-13.1182670593262
2.26041666666667,-13.1072998046875
2.26708333333333,-13.094425201416
2.27375,-13.0829811096191
2.28041666666667,-13.0701065063477
2.28708333333333,-13.0572319030762
2.29375,-13.0424499511719
2.30041666666667,-13.028621673584
2.30708333333333,-13.0176544189453
2.31375,-13.0105018615723
2.32041666666667,-13.0057334899902
2.32708333333333,-12.9947662353516
2.33375,-12.9809379577637
2.34041666666667,-12.965202331543
2.34708333333333,-12.9499435424805
2.35375,-12.9337310791016
2.36041666666667,-12.9184722900391
2.36708333333333,-12.908935546875
2.37375,-12.9036903381348
2.38041666666667,-12.8984451293945
2.38708333333333,-12.8893852233887
2.39375,-12.8769874572754
2.40041666666667,-12.8645896911621
2.40708333333333,-12.8507614135742
2.41375,-12.8331184387207
2.42041666666667,-12.8121376037598
2.42708333333333,-12.7887725830078
2.43375,-12.7687454223633
2.44041666666667,-12.751579284668
2.44708333333333,-12.7396583557129
2.45375,-12.7310752868652
2.46041666666667,-12.7267837524414
2.46708333333333,-12.7272605895996
2.47375,-12.7263069152832
2.48041666666667,-12.7205848693848
2.48708333333333,-12.7058029174805
2.49375,-12.6886367797852
2.50041666666667,-12.6705169677734
2.50708333333333,-12.6504898071289
2.51375,-12.6299858093262
2.52041666666667,-12.6132965087891
2.52708333333333,-12.6042366027832
2.53375,-12.5961303710938
2.54041666666667,-12.5861167907715
2.54708333333333,-12.5732421875
2.55375,-12.5613212585449
2.56041666666667,-12.5489234924316
2.56708333333333,-12.5360488891602
2.57375,-12.5217437744141
2.58041666666667,-12.5102996826172
2.58708333333333,-12.4979019165039
2.59375,-12.4835968017578
2.60041666666667,-12.4692916870117
2.60708333333333,-12.4554634094238
2.61375,-12.4392509460449
2.62041666666667,-12.4177932739258
2.62708333333333,-12.3987197875977
2.63375,-12.3848915100098
2.64041666666667,-12.3729705810547
2.64708333333333,-12.3567581176758
2.65375,-12.3438835144043
2.66041666666667,-12.3395919799805
2.66708333333333,-12.3395919799805
2.67375,-12.3353004455566
2.68041666666667,-12.3252868652344
2.68708333333333,-12.3114585876465
2.69375,-12.2942924499512
2.70041666666667,-12.2747421264648
2.70708333333333,-12.2518539428711
2.71375,-12.232780456543
2.72041666666667,-12.2232437133789
2.72708333333333,-12.2203826904297
2.73375,-12.2160911560059
2.74041666666667,-12.2051239013672
2.74708333333333,-12.1908187866211
2.75375,-12.176513671875
2.76041666666667,-12.1598243713379
2.76708333333333,-12.1421813964844
2.77375,-12.1283531188965
2.78041666666667,-12.1212005615234
2.78708333333333,-12.1159553527832
2.79375,-12.1068954467773
2.80041666666667,-12.0959281921387
2.80708333333333,-12.0849609375
2.81375,-12.0720863342285
2.82041666666667,-12.056827545166
2.82708333333333,-12.0377540588379
2.83375,-12.0177268981934
2.84041666666667,-11.9943618774414
2.84708333333333,-11.9690895080566
2.85375,-11.9471549987793
2.86041666666667,-11.9304656982422
2.86708333333333,-11.9166374206543
2.87375,-11.9009017944336
2.88041666666667,-11.8803977966309
2.88708333333333,-11.8565559387207
2.89375,-11.8331909179688
2.90041666666667,-11.8122100830078
2.90708333333333,-11.7921829223633
2.91375,-11.775016784668
2.92041666666667,-11.7616653442383
2.92708333333333,-11.7506980895996
2.93375,-11.7330551147461
2.94041666666667,-11.7063522338867
2.94708333333333,-11.6777420043945
2.95375,-11.6543769836426
2.96041666666667,-11.6329193115234
2.96708333333333,-11.6109848022461
2.97375,-11.5947723388672
2.98041666666667,-11.5871429443359
2.98708333333333,-11.5833282470703
2.99375,-11.5752220153809
3.00041666666667,-11.5633010864258
3.00708333333333,-11.5523338317871
3.01375,-11.5418434143066
3.02041666666667,-11.5289688110352
3.02708333333333,-11.5118026733398
3.03375,-11.4927291870117
3.04041666666667,-11.4765167236328
3.04708333333333,-11.4645957946777
3.05375,-11.4498138427734
3.06041666666667,-11.4336013793945
3.06708333333333,-11.4240646362305
3.07375,-11.4235877990723
3.08041666666667,-11.4235877990723
3.08708333333333,-11.4145278930664
3.09375,-11.3983154296875
3.10041666666667,-11.3801956176758
3.10708333333333,-11.3582611083984
3.11375,-11.3320350646973
3.12041666666667,-11.3053321838379
3.12708333333333,-11.2853050231934
3.13375,-11.2767219543457
3.14041666666667,-11.2729072570801
3.14708333333333,-11.2667083740234
3.15375,-11.2571716308594
3.16041666666667,-11.2466812133789
3.16708333333333,-11.2318992614746
3.17375,-11.2080574035645
3.18041666666667,-11.1813545227051
3.18708333333333,-11.1603736877441
3.19375,-11.146068572998
3.20041666666667,-11.1327171325684
3.20708333333333,-11.1188888549805
3.21375,-11.1055374145508
3.22041666666667,-11.0893249511719
3.22708333333333,-11.0683441162109
3.23375,-11.042594909668
3.24041666666667,-11.0182762145996
3.24708333333333,-10.9992027282715
3.25375,-10.9810829162598
3.26041666666667,-10.9624862670898
3.26708333333333,-10.9410285949707
3.27375,-10.9214782714844
3.28041666666667,-10.9057426452637
3.28708333333333,-10.894775390625
3.29375,-10.887622833252
3.30041666666667,-10.8819007873535
3.30708333333333,-10.8723640441895
3.31375,-10.8628273010254
3.32041666666667,-10.8489990234375
3.32708333333333,-10.8299255371094
3.33375,-10.8070373535156
3.34041666666667,-10.7908248901367
3.34708333333333,-10.7860565185547
3.35375,-10.7793807983398
3.36041666666667,-10.7665061950684
3.36708333333333,-10.7474327087402
3.37375,-10.7269287109375
3.38041666666667,-10.7002258300781
3.38708333333333,-10.6682777404785
3.39375,-10.6396675109863
3.40041666666667,-10.6191635131836
3.40708333333333,-10.6053352355957
3.41375,-10.5934143066406
3.42041666666667,-10.5800628662109
3.42708333333333,-10.5633735656738
3.43375,-10.5438232421875
3.44041666666667,-10.523796081543
3.44708333333333,-10.5037689208984
3.45375,-10.4861259460449
3.46041666666667,-10.469913482666
3.46708333333333,-10.4565620422363
3.47375,-10.4451179504395
3.48041666666667,-10.4317665100098
3.48708333333333,-10.4193687438965
3.49375,-10.4098320007324
3.50041666666667,-10.401725769043
3.50708333333333,-10.3893280029297
3.51375,-10.3716850280762
3.52041666666667,-10.3530883789063
3.52708333333333,-10.3354454040527
3.53375,-10.3158950805664
3.54041666666667,-10.2934837341309
3.54708333333333,-10.2710723876953
3.55375,-10.2524757385254
3.56041666666667,-10.2353096008301
3.56708333333333,-10.2152824401855
3.57375,-10.1895332336426
3.58041666666667,-10.1618766784668
3.58708333333333,-10.1346969604492
3.59375,-10.1108551025391
3.60041666666667,-10.0927352905273
3.60708333333333,-10.0798606872559
3.61375,-10.0717544555664
3.62041666666667,-10.0655555725098
3.62708333333333,-10.0588798522949
3.63375,-10.0498199462891
3.64041666666667,-10.0364685058594
3.64708333333333,-10.0212097167969
3.65375,-10.0040435791016
3.66041666666667,-9.98640060424805
3.66708333333333,-9.97066497802734
3.67375,-9.95349884033203
3.68041666666667,-9.93251800537109
3.68708333333333,-9.90915298461914
3.69375,-9.88626480102539
3.70041666666667,-9.86671447753906
3.70708333333333,-9.84859466552734
3.71375,-9.83381271362305
3.72041666666667,-9.82093811035156
3.72708333333333,-9.80806350708008
3.73375,-9.7956657409668
3.74041666666667,-9.78612899780273
3.74708333333333,-9.77706909179688
3.75375,-9.76467132568359
3.76041666666667,-9.75131988525391
3.76708333333333,-9.73701477050781
3.77375,-9.72318649291992
3.78041666666667,-9.70363616943359
3.78708333333333,-9.68170166015625
3.79375,-9.66215133666992
3.80041666666667,-9.64879989624023
3.80708333333333,-9.64021682739258
3.81375,-9.63068008422852
3.82041666666667,-9.62066650390625
3.82708333333333,-9.60969924926758
3.83375,-9.59348678588867
3.84041666666667,-9.57059860229492
3.84708333333333,-9.54627990722656
3.85375,-9.52672958374023
3.86041666666667,-9.51385498046875
3.86708333333333,-9.50384140014648
3.87375,-9.49525833129883
3.88041666666667,-9.48381423950195
3.88708333333333,-9.46903228759766
3.89375,-9.45091247558594
3.90041666666667,-9.43136215209961
3.90708333333333,-9.41133499145508
3.91375,-9.39035415649414
3.92041666666667,-9.37080383300781
3.92708333333333,-9.3531608581543
3.93375,-9.34076309204102
3.94041666666667,-9.33170318603516
3.94708333333333,-9.32455062866211
3.95375,-9.31692123413086
3.96041666666667,-9.3083381652832
3.96708333333333,-9.29689407348633
3.97375,-9.27925109863281
3.98041666666667,-9.25779342651367
3.98708333333333,-9.23252105712891
3.99375,-9.20867919921875
4.00041666666667,-9.18817520141602
4.00708333333333,-9.17291641235352
4.01375,-9.15908813476563
4.02041666666667,-9.14430618286133
4.02708333333333,-9.13047790527344
4.03375,-9.11808013916016
4.04041666666667,-9.10568237304688
4.04708333333333,-9.08994674682617
4.05375,-9.07230377197266
4.06041666666667,-9.05036926269531
4.06708333333333,-9.02748107910156
4.07375,-9.00745391845703
4.08041666666667,-8.99171829223633
4.08708333333333,-8.97789001464844
4.09375,-8.96644592285156
4.10041666666667,-8.96072387695313
4.10708333333333,-8.96167755126953
4.11375,-8.95929336547852
4.12041666666667,-8.94737243652344
4.12708333333333,-8.9259147644043
4.13375,-8.90016555786133
4.14041666666667,-8.87584686279297
4.14708333333333,-8.85295867919922
4.15375,-8.83340835571289
4.16041666666667,-8.8191032409668
4.16708333333333,-8.80861282348633
4.17375,-8.80193710327148
4.18041666666667,-8.79049301147461
4.18708333333333,-8.77523422241211
4.19375,-8.76045227050781
4.20041666666667,-8.74757766723633
4.20708333333333,-8.73804092407227
4.21375,-8.7275505065918
4.22041666666667,-8.71992111206055
4.22708333333333,-8.71086120605469
4.23375,-8.697509765625
4.24041666666667,-8.67938995361328
4.24708333333333,-8.65983963012695
4.25375,-8.64267349243164
4.26041666666667,-8.62550735473633
4.26708333333333,-8.60691070556641
4.27375,-8.58831405639648
4.28041666666667,-8.57257843017578
4.28708333333333,-8.55875015258789
4.29375,-8.5453987121582
4.30041666666667,-8.53157043457031
4.30708333333333,-8.51821899414063
4.31375,-8.50343704223633
4.32041666666667,-8.4843635559082
4.32708333333333,-8.45909118652344
4.33375,-8.43048095703125
4.34041666666667,-8.40282440185547
4.34708333333333,-8.37945938110352
4.35375,-8.36038589477539
4.36041666666667,-8.3460807800293
4.36708333333333,-8.33702087402344
4.37375,-8.331298828125
4.38041666666667,-8.32319259643555
4.38708333333333,-8.31079483032227
4.39375,-8.29648971557617
4.40041666666667,-8.28266143798828
4.40708333333333,-8.26930999755859
4.41375,-8.25786590576172
4.42041666666667,-8.24928283691406
4.42708333333333,-8.24403762817383
4.43375,-8.23831558227539
4.44041666666667,-8.22687149047852
4.44708333333333,-8.21018218994141
4.45375,-8.18872451782227
4.46041666666667,-8.1634521484375
4.46708333333333,-8.13627243041992
4.47375,-8.10718536376953
4.48041666666667,-8.08382034301758
4.48708333333333,-8.06570053100586
4.49375,-8.05091857910156
4.50041666666667,-8.03518295288086
4.50708333333333,-8.01420211791992
4.51375,-7.99226760864258
4.52041666666667,-7.97033309936523
4.52708333333333,-7.94792175292969
4.53375,-7.92980194091797
4.54041666666667,-7.91406631469727
4.54708333333333,-7.90643692016602
4.55375,-7.89928436279297
4.56041666666667,-7.89165496826172
4.56708333333333,-7.88116455078125
4.57375,-7.86972045898438
4.58041666666667,-7.8587532043457
4.58708333333333,-7.84397125244141
4.59375,-7.82680511474609
4.60041666666667,-7.80582427978516
4.60708333333333,-7.7824592590332
4.61375,-7.75337219238281
4.62041666666667,-7.72237777709961
4.62708333333333,-7.69710540771484
4.63375,-7.68089294433594
4.64041666666667,-7.6756477355957
4.64708333333333,-7.67135620117188
4.65375,-7.66801834106445
4.66041666666667,-7.66229629516602
4.66708333333333,-7.65323638916016
4.67375,-7.64322280883789
4.68041666666667,-7.6298713684082
4.68708333333333,-7.61747360229492
4.69375,-7.60078430175781
4.70041666666667,-7.5840950012207
4.70708333333333,-7.56454467773438
4.71375,-7.54261016845703
4.72041666666667,-7.51972198486328
4.72708333333333,-7.49778747558594
4.73375,-7.476806640625
4.74041666666667,-7.45344161987305
4.74708333333333,-7.42244720458984
4.75375,-7.38191604614258
4.76041666666667,-7.33661651611328
4.76708333333333,-7.29799270629883
4.77375,-7.27748870849609
4.78041666666667,-7.27176666259766
4.78708333333333,-7.27653503417969
4.79375,-7.28511810302734
4.80041666666667,-7.29227066040039
4.80708333333333,-7.29084014892578
4.81375,-7.28178024291992
4.82041666666667,-7.27176666259766
4.82708333333333,-7.26032257080078
4.83375,-7.24887847900391
4.84041666666667,-7.23695755004883
4.84708333333333,-7.22408294677734
4.85375,-7.20453262329102
4.86041666666667,-7.17782974243164
4.86708333333333,-7.15446472167969
4.87375,-7.13777542114258
4.88041666666667,-7.12251663208008
4.88708333333333,-7.10391998291016
4.89375,-7.08818435668945
4.90041666666667,-7.07864761352539
4.90708333333333,-7.07149505615234
4.91375,-7.06338882446289
4.92041666666667,-7.05909729003906
4.92708333333333,-7.06005096435547
4.93375,-7.05194473266602
4.94041666666667,-7.02714920043945
4.94708333333333,-6.98709487915039
4.95375,-6.94561004638672
4.96041666666667,-6.90841674804688
4.96708333333333,-6.88076019287109
4.97375,-6.86311721801758
4.98041666666667,-6.85787200927734
4.98708333333333,-6.86311721801758
4.99375,-6.86883926391602
5.00041666666667,-6.86883926391602
5.00708333333333,-6.85834884643555
5.01375,-6.84356689453125
5.02041666666667,-6.82735443115234
5.02708333333333,-6.81114196777344
5.03375,-6.79636001586914
5.04041666666667,-6.78443908691406
5.04708333333333,-6.77490234375
5.05375,-6.76536560058594
5.06041666666667,-6.75725936889648
5.06708333333333,-6.75106048583984
5.07375,-6.7448616027832
5.08041666666667,-6.73818588256836
5.08708333333333,-6.73246383666992
5.09375,-6.72817230224609
5.10041666666667,-6.72149658203125
5.10708333333333,-6.71100616455078
5.11375,-6.69622421264648
5.12041666666667,-6.67762756347656
5.12708333333333,-6.65664672851563
5.13375,-6.63518905639648
5.14041666666667,-6.61563873291016
5.14708333333333,-6.60228729248047
5.15375,-6.59465789794922
5.16041666666667,-6.59370422363281
5.16708333333333,-6.59465789794922
5.17375,-6.59513473510742
5.18041666666667,-6.58750534057617
5.18708333333333,-6.57272338867188
5.19375,-6.55508041381836
5.20041666666667,-6.53791427612305
5.20708333333333,-6.52074813842773
5.21375,-6.5007209777832
5.22041666666667,-6.48307800292969
5.22708333333333,-6.4692497253418
5.23375,-6.45971298217773
5.24041666666667,-6.44731521606445
5.24708333333333,-6.43110275268555
5.25375,-6.41727447509766
5.26041666666667,-6.4091682434082
5.26708333333333,-6.40249252319336
5.27375,-6.39247894287109
5.28041666666667,-6.38055801391602
5.28708333333333,-6.36720657348633
5.29375,-6.35147094726563
5.30041666666667,-6.3328742980957
5.30708333333333,-6.31380081176758
5.31375,-6.29472732543945
5.32041666666667,-6.27803802490234
5.32708333333333,-6.26468658447266
5.33375,-6.25324249267578
5.34041666666667,-6.23750686645508
5.34708333333333,-6.21747970581055
5.35375,-6.19745254516602
5.36041666666667,-6.17551803588867
5.36708333333333,-6.15262985229492
5.37375,-6.12926483154297
5.38041666666667,-6.11162185668945
5.38708333333333,-6.09397888183594
5.39375,-6.07490539550781
5.40041666666667,-6.05869293212891
5.40708333333333,-6.04391098022461
5.41375,-6.02531433105469
5.42041666666667,-5.99002838134766
5.42708333333333,-5.92565536499023
5.43375,-5.81645965576172
5.44041666666667,-5.65862655639648
5.44708333333333,-5.48171997070313
5.45375,-5.32960891723633
5.46041666666667,-5.23519515991211
5.46708333333333,-5.21707534790039
5.47375,-5.2800178527832
5.48041666666667,-5.40876388549805
5.48708333333333,-5.56230545043945
5.49375,-5.69820404052734
5.50041666666667,-5.79071044921875
5.50708333333333,-5.83839416503906
5.51375,-5.84650039672852
5.52041666666667,-5.82647323608398
5.52708333333333,-5.79214096069336
5.53375,-5.74827194213867
5.54041666666667,-5.69677352905273
5.54708333333333,-5.63669204711914
5.55375,-5.58233261108398
5.56041666666667,-5.54990768432617
5.56708333333333,-5.5389404296875
5.57375,-5.54275512695313
5.58041666666667,-5.55801391601563
5.58708333333333,-5.57947158813477
5.59375,-5.59425354003906
5.60041666666667,-5.58757781982422
5.60708333333333,-5.56278228759766
5.61375,-5.52940368652344
5.62041666666667,-5.49650192260742
5.62708333333333,-5.46979904174805
5.63375,-5.44404983520508
5.64041666666667,-5.40924072265625
5.64708333333333,-5.34725189208984
5.65375,-5.23900985717773
5.66041666666667,-5.06830215454102
5.66708333333333,-4.83942031860352
5.67375,-4.58955764770508
5.68041666666667,-4.37116622924805
5.68708333333333,-4.23049926757813
5.69375,-4.1961669921875
5.70041666666667,-4.27675247192383
5.70708333333333,-4.45127487182617
5.71375,-4.67109680175781
5.72041666666667,-4.88567352294922
5.72708333333333,-5.06162643432617
5.73375,-5.1875114440918
5.74041666666667,-5.25903701782227
5.74708333333333,-5.28764724731445
5.75375,-5.29098510742188
5.76041666666667,-5.28049468994141
5.76708333333333,-5.25856018066406
5.77375,-5.22375106811523
5.78041666666667,-5.18608093261719
5.78708333333333,-5.15365600585938
5.79375,-5.12981414794922
5.80041666666667,-5.11503219604492
5.80708333333333,-5.11074066162109
5.81375,-5.11741638183594
5.82041666666667,-5.12838363647461
5.82708333333333,-5.13982772827148
5.83375,-5.15031814575195
5.84041666666667,-5.16080856323242
5.84708333333333,-5.16653060913086
5.85375,-5.16605377197266
5.86041666666667,-5.16176223754883
5.86708333333333,-5.157470703125
5.87375,-5.15031814575195
5.88041666666667,-5.13839721679688
5.88708333333333,-5.12409210205078
5.89375,-5.10740280151367
5.90041666666667,-5.08642196655273
5.90708333333333,-5.05447387695313
5.91375,-5.0206184387207
5.92041666666667,-4.99153137207031
5.92708333333333,-4.96578216552734
5.93375,-4.9443244934082
5.94041666666667,-4.93144989013672
5.94708333333333,-4.92715835571289
5.95375,-4.92572784423828
5.96041666666667,-4.91714477539063
5.96708333333333,-4.90665435791016
5.97375,-4.89139556884766
5.98041666666667,-4.86946105957031
5.98708333333333,-4.84180450439453
5.99375,-4.80747222900391
6.00041666666667,-4.75358963012695
6.00708333333333,-4.64677810668945
6.01375,-4.44364547729492
6.02041666666667,-4.10079956054688
6.02708333333333,-3.60870361328125
6.03375,-3.02839279174805
6.04041666666667,-2.49052047729492
6.04708333333333,-2.13003158569336
6.05375,-2.0298957824707
6.06041666666667,-2.20537185668945
6.06708333333333,-2.61402130126953
6.07375,-3.15380096435547
6.08041666666667,-3.68928909301758
6.08708333333333,-4.10699844360352
6.09375,-4.36830520629883
6.10041666666667,-4.49895858764648
6.10708333333333,-4.55141067504883
6.11375,-4.56619262695313
6.12041666666667,-4.56714630126953
6.12708333333333,-4.56380844116211
6.13375,-4.55760955810547
6.14041666666667,-4.55141067504883
6.14708333333333,-4.54616546630859
6.15375,-4.54473495483398
6.16041666666667,-4.54568862915039
6.16708333333333,-4.54330444335938
6.17375,-4.53710556030273
6.18041666666667,-4.52947616577148
6.18708333333333,-4.52327728271484
6.19375,-4.5170783996582
6.20041666666667,-4.50420379638672
6.20708333333333,-4.48465347290039
6.21375,-4.46081161499023
6.22041666666667,-4.43553924560547
6.22708333333333,-4.40883636474609
6.23375,-4.38022613525391
6.24041666666667,-4.35209274291992
6.24708333333333,-4.32491302490234
6.25375,-4.30059432983398
6.26041666666667,-4.27913665771484
6.26708333333333,-4.26197052001953
6.27375,-4.24861907958984
6.28041666666667,-4.24098968505859
6.28708333333333,-4.23812866210938
6.29375,-4.23860549926758
6.30041666666667,-4.23717498779297
6.30708333333333,-4.23240661621094
6.31375,-4.22477722167969
6.32041666666667,-4.21905517578125
6.32708333333333,-4.21714782714844
6.33375,-4.21571731567383
6.34041666666667,-4.2109489440918
6.34708333333333,-4.19807434082031
6.35375,-4.18424606323242
6.36041666666667,-4.17232513427734
6.36708333333333,-4.16326522827148
6.37375,-4.15372848510742
6.38041666666667,-4.14943695068359
6.38708333333333,-4.15372848510742
6.39375,-4.16231155395508
6.40041666666667,-4.16135787963867
6.40708333333333,-4.14943695068359
6.41375,-4.13370132446289
6.42041666666667,-4.11415100097656
6.42708333333333,-4.09364700317383
6.43375,-4.07028198242188
6.44041666666667,-4.05120849609375
6.44708333333333,-4.03451919555664
6.45375,-4.02164459228516
6.46041666666667,-4.01020050048828
6.46708333333333,-3.99637222290039
6.47375,-3.98015975952148
6.48041666666667,-3.96251678466797
6.48708333333333,-3.94773483276367
6.49375,-3.93438339233398
6.50041666666667,-3.9210319519043
6.50708333333333,-3.90815734863281
6.51375,-3.89480590820313
6.52041666666667,-3.87907028198242
6.52708333333333,-3.8609504699707
6.53375,-3.84044647216797
6.54041666666667,-3.82328033447266
6.54708333333333,-3.81088256835938
6.55375,-3.80182266235352
6.56041666666667,-3.79467010498047
6.56708333333333,-3.78847122192383
6.57375,-3.78608703613281
6.58041666666667,-3.77941131591797
6.58708333333333,-3.76510620117188
6.59375,-3.74794006347656
6.60041666666667,-3.72648239135742
6.60708333333333,-3.70502471923828
6.61375,-3.6778450012207
6.62041666666667,-3.64875793457031
6.62708333333333,-3.61490249633789
6.63375,-3.58009338378906
6.64041666666667,-3.55339050292969
6.64708333333333,-3.53574752807617
6.65375,-3.52573394775391
6.66041666666667,-3.51953506469727
6.66708333333333,-3.51953506469727
6.67375,-3.52716445922852
6.68041666666667,-3.53574752807617
6.68708333333333,-3.54099273681641
6.69375,-3.5405158996582
6.70041666666667,-3.53670120239258
6.70708333333333,-3.52668762207031
6.71375,-3.50236892700195
6.72041666666667,-3.46517562866211
6.72708333333333,-3.42178344726563
6.73375,-3.37982177734375
6.74041666666667,-3.33976745605469
6.74708333333333,-3.30686569213867
6.75375,-3.29113006591797
6.76041666666667,-3.2963752746582
6.76708333333333,-3.31640243530273
6.77375,-3.3411979675293
6.78041666666667,-3.36885452270508
6.78708333333333,-3.39555740356445
6.79375,-3.41510772705078
6.80041666666667,-3.42178344726563
6.80708333333333,-3.41796875
6.81375,-3.40747833251953
6.82041666666667,-3.39365005493164
6.82708333333333,-3.37600708007813
6.83375,-3.35359573364258
6.84041666666667,-3.32927703857422
6.84708333333333,-3.30352783203125
6.85375,-3.27873229980469
6.86041666666667,-3.25632095336914
6.86708333333333,-3.23963165283203
6.87375,-3.22866439819336
6.88041666666667,-3.21292877197266
6.88708333333333,-3.17859649658203
6.89375,-3.11470031738281
6.90041666666667,-3.00693511962891
6.90708333333333,-2.82812118530273
6.91375,-2.55823135375977
6.92041666666667,-2.20823287963867
6.92708333333333,-1.82485580444336
6.93375,-1.47867202758789
6.94041666666667,-1.24502182006836
6.94708333333333,-1.18112564086914
6.95375,-1.30033493041992
6.96041666666667,-1.57022476196289
6.96708333333333,-1.93023681640625
6.97375,-2.29740142822266
6.98041666666667,-2.59637832641602
6.98708333333333,-2.79092788696289
6.99375,-2.89011001586914
7.00041666666667,-2.92301177978516
7.00708333333333,-2.91299819946289
7.01375,-2.8843879699707
7.02041666666667,-2.8538703918457
7.02708333333333,-2.82716751098633
7.03375,-2.79998779296875
7.04041666666667,-2.77328491210938
7.04708333333333,-2.74562835693359
7.05375,-2.71177291870117
7.06041666666667,-2.66218185424805
7.06708333333333,-2.59637832641602
7.07375,-2.52246856689453
7.08041666666667,-2.45189666748047
7.08708333333333,-2.40135192871094
7.09375,-2.38132476806641
7.10041666666667,-2.39324569702148
7.10708333333333,-2.42900848388672
7.11375,-2.47907638549805
7.12041666666667,-2.53629684448242
7.12708333333333,-2.58541107177734
7.13375,-2.61926651000977
7.14041666666667,-2.6392936706543
7.14708333333333,-2.65693664550781
7.15375,-2.67696380615234
7.16041666666667,-2.69317626953125
7.16708333333333,-2.70175933837891
7.17375,-2.70271301269531
7.18041666666667,-2.69937515258789
7.18708333333333,-2.68936157226563
7.19375,-2.66838073730469
7.20041666666667,-2.63881683349609
7.20708333333333,-2.60639190673828
7.21375,-2.57349014282227
7.22041666666667,-2.54106521606445
7.22708333333333,-2.51531600952148
7.23375,-2.49958038330078
7.24041666666667,-2.49290466308594
7.24708333333333,-2.49195098876953
7.25375,-2.49385833740234
7.26041666666667,-2.49290466308594
7.26708333333333,-2.4876594543457
7.27375,-2.48098373413086
7.28041666666667,-2.47573852539063
7.28708333333333,-2.47097015380859
7.29375,-2.46763229370117
7.30041666666667,-2.47001647949219
7.30708333333333,-2.47383117675781
7.31375,-2.47526168823242
7.32041666666667,-2.46810913085938
7.32708333333333,-2.45475769042969
7.33375,-2.43711471557617
7.34041666666667,-2.41899490356445
7.34708333333333,-2.40564346313477
7.35375,-2.39801406860352
7.36041666666667,-2.39658355712891
7.36708333333333,-2.39753723144531
7.37375,-2.39849090576172
7.38041666666667,-2.3951530456543
7.38708333333333,-2.38704681396484
7.39375,-2.37512588500977
7.40041666666667,-2.36177444458008
7.40708333333333,-2.34889984130859
7.41375,-2.33745574951172
7.42041666666667,-2.32648849487305
7.42708333333333,-2.31313705444336
7.43375,-2.29883193969727
7.44041666666667,-2.28452682495117
7.44708333333333,-2.2735595703125
7.45375,-2.26593017578125
7.46041666666667,-2.2587776184082
7.46708333333333,-2.25496292114258
7.47375,-2.24828720092773
7.48041666666667,-2.23493576049805
7.48708333333333,-2.2125244140625
7.49375,-2.18296051025391
7.50041666666667,-2.14385986328125
7.50708333333333,-2.08663940429688
7.51375,-2.01702117919922
7.52041666666667,-1.94501876831055
7.52708333333333,-1.88159942626953
7.53375,-1.8305778503418
7.54041666666667,-1.79481506347656
7.54708333333333,-1.78146362304688
7.55375,-1.78861618041992
7.56041666666667,-1.80959701538086
7.56708333333333,-1.83534622192383
7.57375,-1.85966491699219
7.58041666666667,-1.87969207763672
7.58708333333333,-1.8916130065918
7.59375,-1.89208984375
7.60041666666667,-1.88875198364258
7.60708333333333,-1.88493728637695
7.61375,-1.88589096069336
7.62041666666667,-1.88827514648438
7.62708333333333,-1.89352035522461
7.63375,-1.90162658691406
7.64041666666667,-1.90496444702148
7.64708333333333,-1.90019607543945
7.65375,-1.88875198364258
7.66041666666667,-1.87826156616211
7.66708333333333,-1.86491012573242
7.67375,-1.83582305908203
7.68041666666667,-1.77335739135742
7.68708333333333,-1.63602828979492
7.69375,-1.34181976318359
7.70041666666667,-0.730991363525391
7.70708333333333,0.492572784423828
7.71375,2.91776657104492
7.72041666666667,7.85303115844727
7.72708333333333,18.287181854248
7.73375,40.308952331543
7.74041666666667,83.8804244995117
7.74708333333333,159.687042236328
7.75375,270.724773406982
7.76041666666667,406.298637390137
7.76708333333333,545.247077941895
7.77375,664.689064025879
7.78041666666667,745.333194732666
7.78708333333333,773.108959197998
7.79375,744.249820709229
7.80041666666667,669.317245483398
7.80708333333333,568.510055541992
7.81375,461.217880249023
7.82041666666667,359.638690948486
7.82708333333333,269.898891448975
7.83375,194.858074188232
7.84041666666667,135.391235351563
7.84708333333333,90.8207893371582
7.85375,59.2942237854004
7.86041666666667,38.2518768310547
7.86708333333333,24.9223709106445
7.87375,16.7789459228516
7.88041666666667,11.8522644042969
7.88708333333333,8.81576538085938
7.89375,6.8812370300293
7.90041666666667,5.60808181762695
7.90708333333333,4.74023818969727
7.91375,4.11748886108398
7.92041666666667,3.63874435424805
7.92708333333333,3.24726104736328
7.93375,2.91347503662109
7.94041666666667,2.61831283569336
7.94708333333333,2.36129760742188
7.95375,2.15291976928711
7.96041666666667,2.00271606445313
7.96708333333333,1.91020965576172
7.97375,1.86920166015625
7.98041666666667,1.87349319458008
7.98708333333333,1.91164016723633
7.99375,1.96695327758789
8.00041666666667,2.02274322509766
8.00708333333333,2.07090377807617
8.01375,2.10762023925781
8.02041666666667,2.13289260864258
8.02708333333333,2.14958190917969
8.03375,2.15578079223633
8.04041666666667,2.15721130371094
8.04708333333333,2.15578079223633
8.05375,2.1514892578125
8.06041666666667,2.13813781738281
8.06708333333333,2.11191177368164
8.07375,2.0751953125
8.08041666666667,2.03227996826172
8.08708333333333,1.98650360107422
8.09375,1.93548202514648
8.10041666666667,1.88016891479492
8.10708333333333,1.82390213012695
8.11375,1.7704963684082
8.12041666666667,1.71804428100586
8.12708333333333,1.6632080078125
8.13375,1.60837173461914
8.14041666666667,1.55305862426758
8.14708333333333,1.4958381652832
8.15375,1.43194198608398
8.16041666666667,1.3585090637207
8.16708333333333,1.2812614440918
8.17375,1.2049674987793
8.18041666666667,1.13010406494141
8.18708333333333,1.05428695678711
8.19375,0.977516174316406
8.20041666666667,0.908374786376953
8.20708333333333,0.844001770019531
8.21375,0.782012939453125
8.22041666666667,0.721454620361328
8.22708333333333,0.669002532958984
8.23375,0.626564025878906
8.24041666666667,0.586986541748047
8.24708333333333,0.549793243408203
8.25375,0.510215759277344
8.26041666666667,0.468730926513672
8.26708333333333,0.424385070800781
8.27375,0.377178192138672
8.28041666666667,0.330448150634766
8.28708333333333,0.284194946289063
8.29375,0.243186950683594
8.30041666666667,0.209808349609375
8.30708333333333,0.179290771484375
8.31375,0.152587890625
8.32041666666667,0.131130218505859
8.32708333333333,0.120639801025391
8.33375,0.121116638183594
8.34041666666667,0.131130218505859
8.34708333333333,0.156402587890625
8.35375,0.202178955078125
8.36041666666667,0.266075134277344
8.36708333333333,0.338077545166016
8.37375,0.412940979003906
8.38041666666667,0.482559204101563
8.38708333333333,0.528812408447266
8.39375,0.533103942871094
8.40041666666667,0.491619110107422
8.40708333333333,0.414848327636719
8.41375,0.316143035888672
8.42041666666667,0.206947326660156
8.42708333333333,0.101566314697266
8.43375,0.0119209289550781
8.44041666666667,-0.0576972961425781
8.44708333333333,-0.112056732177734
8.45375,-0.154972076416016
8.46041666666667,-0.188827514648438
8.46708333333333,-0.214099884033203
8.47375,-0.232219696044922
8.48041666666667,-0.244140625
8.48708333333333,-0.248908996582031
8.49375,-0.251293182373047
8.50041666666667,-0.253677368164063
8.50708333333333,-0.257015228271484
8.51375,-0.258445739746094
8.52041666666667,-0.258922576904297
8.52708333333333,-0.259876251220703
8.53375,-0.260353088378906
8.54041666666667,-0.257968902587891
8.54708333333333,-0.256538391113281
8.55375,-0.257492065429688
8.56041666666667,-0.258445739746094
8.56708333333333,-0.261783599853516
8.57375,-0.266075134277344
8.58041666666667,-0.270366668701172
8.58708333333333,-0.263690948486328
8.59375,-0.243186950683594
8.60041666666667,-0.213623046875
8.60708333333333,-0.178337097167969
8.61375,-0.143051147460938
8.62041666666667,-0.109195709228516
8.62708333333333,-0.0848770141601563
8.63375,-0.0739097595214844
8.64041666666667,-0.0739097595214844
8.64708333333333,-0.0829696655273438
8.65375,-0.0934600830078125
8.66041666666667,-0.103473663330078
8.66708333333333,-0.108242034912109
8.67375,-0.104427337646484
8.68041666666667,-0.0944137573242188
8.68708333333333,-0.0796318054199219
8.69375,-0.0677108764648438
8.70041666666667,-0.06103515625
8.70708333333333,-0.0629425048828125
8.71375,-0.0748634338378906
8.72041666666667,-0.091552734375
8.72708333333333,-0.1068115234375
8.73375,-0.113964080810547
8.74041666666667,-0.112056732177734
8.74708333333333,-0.105857849121094
8.75375,-0.0987052917480469
8.76041666666667,-0.0929832458496094
8.76708333333333,-0.087738037109375
8.77375,-0.0858306884765625
8.78041666666667,-0.087738037109375
8.78708333333333,-0.0886917114257813
8.79375,-0.0834465026855469
8.80041666666667,-0.0734329223632813
8.80708333333333,-0.0638961791992188
8.81375,-0.0524520874023438
8.82041666666667,-0.03814697265625
8.82708333333333,-0.0214576721191406
8.83375,-0.011444091796875
8.84041666666667,-0.011444091796875
8.84708333333333,-0.0176429748535156
8.85375,-0.0243186950683594
8.86041666666667,-0.0300407409667969
8.86708333333333,-0.0324249267578125
8.87375,-0.0281333923339844
8.88041666666667,-0.0147819519042969
8.88708333333333,0.003814697265625
8.89375,0.0233650207519531
8.90041666666667,0.0424385070800781
8.90708333333333,0.0605583190917969
8.91375,0.0791549682617188
8.92041666666667,0.09918212890625
8.92708333333333,0.116348266601563
8.93375,0.127792358398438
8.94041666666667,0.132560729980469
8.94708333333333,0.134468078613281
8.95375,0.133514404296875
8.96041666666667,0.131130218505859
8.96708333333333,0.12969970703125
8.97375,0.128746032714844
8.98041666666667,0.129222869873047
8.98708333333333,0.126838684082031
8.99375,0.1220703125
9.00041666666667,0.113487243652344
9.00708333333333,0.103473663330078
9.01375,0.0996589660644531
9.02041666666667,0.0996589660644531
9.02708333333333,0.101566314697266
9.03375,0.105381011962891
9.04041666666667,0.119686126708984
9.04708333333333,0.140190124511719
9.05375,0.158786773681641
9.06041666666667,0.173091888427734
9.06708333333333,0.184535980224609
9.07375,0.194549560546875
9.08041666666667,0.199317932128906
9.08708333333333,0.200748443603516
9.09375,0.200748443603516
9.10041666666667,0.202178955078125
9.10708333333333,0.205516815185547
9.11375,0.213146209716797
9.12041666666667,0.224113464355469
9.12708333333333,0.23651123046875
9.13375,0.248432159423828
9.14041666666667,0.258445739746094
9.14708333333333,0.269889831542969
9.15375,0.280380249023438
9.16041666666667,0.290870666503906
9.16708333333333,0.301837921142578
9.17375,0.313758850097656
9.18041666666667,0.326633453369141
9.18708333333333,0.342369079589844
9.19375,0.361919403076172
9.20041666666667,0.377178192138672
9.20708333333334,0.385761260986328
9.21375,0.395298004150391
9.22041666666667,0.411033630371094
9.22708333333333,0.42724609375
9.23375,0.442028045654297
9.24041666666667,0.461578369140625
9.24708333333333,0.487327575683594
9.25375,0.512123107910156
9.26041666666667,0.528812408447266
9.26708333333333,0.54168701171875
9.27375,0.551223754882813
9.28041666666667,0.558853149414063
9.28708333333333,0.567913055419922
9.29375,0.579833984375
9.30041666666667,0.595569610595703
9.30708333333333,0.606536865234375
9.31375,0.612735748291016
9.32041666666667,0.611782073974609
9.32708333333333,0.611305236816406
9.33375,0.613689422607422
9.34041666666667,0.614643096923828
9.34708333333333,0.618934631347656
9.35375,0.627040863037109
9.36041666666667,0.639438629150391
9.36708333333333,0.647068023681641
9.37375,0.651836395263672
9.38041666666667,0.668048858642578
9.38708333333333,0.696182250976563
9.39375,0.727653503417969
9.40041666666667,0.759601593017578
9.40708333333333,0.795841217041016
9.41375,0.830650329589844
9.42041666666667,0.851154327392578
9.42708333333333,0.853538513183594
9.43375,0.848770141601563
9.44041666666667,0.844955444335938
9.44708333333333,0.844001770019531
9.45375,0.844001770019531
9.46041666666667,0.844955444335938
9.46708333333333,0.851631164550781
9.47375,0.860691070556641
9.48041666666667,0.862598419189453
9.48708333333333,0.855445861816406
9.49375,0.845432281494141
9.50041666666667,0.841617584228516
9.50708333333333,0.839710235595703
9.51375,0.840663909912109
9.52041666666667,0.844001770019531
9.52708333333333,0.850677490234375
9.53375,0.857353210449219
9.54041666666667,0.865459442138672
9.54708333333333,0.879764556884766
9.55375,0.898838043212891
9.56041666666667,0.918865203857422
9.56708333333333,0.937938690185547
9.57375,0.957012176513672
9.58041666666667,0.972270965576172
9.58708333333333,0.979423522949219
9.59375,0.980854034423828
9.60041666666667,0.985145568847656
9.60708333333333,0.993251800537109
9.61375,1.00183486938477
9.62041666666667,1.0066032409668
9.62708333333333,1.01280212402344
9.63375,1.01995468139648
9.64041666666667,1.0218620300293
9.64708333333333,1.01613998413086
9.65375,1.01089477539063
9.66041666666667,1.01280212402344
9.66708333333333,1.01900100708008
9.67375,1.02472305297852
9.68041666666667,1.03044509887695
9.68708333333333,1.03521347045898
9.69375,1.03473663330078
9.70041666666667,1.02567672729492
9.70708333333334,1.01184844970703
9.71375,0.996589660644531
9.72041666666667,0.980377197265625
9.72708333333333,0.963687896728516
9.73375,0.947475433349609
9.74041666666667,0.930309295654297
9.74708333333333,0.909328460693359
9.75375,0.886440277099609
9.76041666666667,0.865936279296875
9.76708333333333,0.851154327392578
9.77375,0.838279724121094
9.78041666666667,0.824451446533203
9.78708333333333,0.811576843261719
9.79375,0.799655914306641
9.80041666666667,0.789165496826172
9.80708333333333,0.776290893554688
9.81375,0.760078430175781
9.82041666666667,0.744819641113281
9.82708333333333,0.730514526367188
9.83375,0.716209411621094
9.84041666666667,0.695705413818359
9.84708333333333,0.675201416015625
9.85375,0.658035278320313
9.86041666666667,0.643253326416016
9.86708333333333,0.628471374511719
9.87375,0.611782073974609
9.88041666666667,0.5950927734375
9.88708333333333,0.576972961425781
9.89375,0.555515289306641
9.90041666666667,0.531196594238281
9.90708333333333,0.508785247802734
9.91375,0.491142272949219
9.92041666666667,0.481605529785156
9.92708333333333,0.478267669677734
9.93375,0.478267669677734
9.94041666666667,0.478267669677734
9.94708333333333,0.478267669677734
9.95375,0.476837158203125
9.96041666666667,0.470638275146484
9.96708333333333,0.455856323242188
9.97375,0.432968139648438
9.98041666666667,0.405311584472656
9.98708333333333,0.377655029296875
9.99375,0.351428985595703
10.0004166666667,0.326156616210938
10.0070833333333,0.307083129882813
10.01375,0.296592712402344
10.0204166666667,0.291824340820313
10.0270833333333,0.285148620605469
10.03375,0.274658203125
10.0404166666667,0.261783599853516
10.0470833333333,0.244617462158203
10.05375,0.223159790039063
10.0604166666667,0.203132629394531
10.0670833333333,0.185966491699219
10.07375,0.171661376953125
10.0804166666667,0.153064727783203
10.0870833333333,0.136375427246094
10.09375,0.1220703125
10.1004166666667,0.110626220703125
10.1070833333333,0.095367431640625
10.11375,0.0748634338378906
10.1204166666667,0.0562667846679688
10.1270833333333,0.0405311584472656
10.13375,0.0257492065429688
10.1404166666667,0.00858306884765625
10.1470833333333,-0.00905990600585938
10.15375,-0.0247955322265625
10.1604166666667,-0.0352859497070313
10.1670833333333,-0.0395774841308594
10.17375,-0.0410079956054688
10.1804166666667,-0.0424385070800781
10.1870833333333,-0.0410079956054688
10.19375,-0.0376701354980469
10.2004166666667,-0.0362396240234375
10.2070833333333,-0.0457763671875
10.21375,-0.0624656677246094
10.2204166666667,-0.0791549682617188
10.2270833333333,-0.091552734375
10.23375,-0.102519989013672
10.2404166666667,-0.113487243652344
10.2470833333333,-0.121116638183594
10.25375,-0.125885009765625
10.2604166666667,-0.127315521240234
10.2670833333333,-0.126838684082031
10.27375,-0.123023986816406
10.2804166666667,-0.120639801025391
10.2870833333333,-0.118255615234375
10.29375,-0.116825103759766
10.3004166666667,-0.118255615234375
10.3070833333333,-0.123023986816406
10.31375,-0.130176544189453
10.3204166666667,-0.132560729980469
10.3270833333333,-0.130176544189453
10.33375,-0.127792358398438
10.3404166666667,-0.129222869873047
10.3470833333333,-0.133991241455078
10.35375,-0.139236450195313
10.3604166666667,-0.147342681884766
10.3670833333333,-0.157356262207031
10.37375,-0.164508819580078
10.3804166666667,-0.165462493896484
10.3870833333333,-0.164985656738281
10.39375,-0.170230865478516
10.4004166666667,-0.180721282958984
10.4070833333333,-0.193595886230469
10.41375,-0.206947326660156
10.4204166666667,-0.224113464355469
10.4270833333333,-0.241756439208984
10.43375,-0.254154205322266
10.4404166666667,-0.254631042480469
10.4470833333333,-0.250339508056641
10.45375,-0.246047973632813
10.4604166666667,-0.240802764892578
10.4670833333333,-0.229835510253906
10.47375,-0.216960906982422
10.4804166666667,-0.214576721191406
10.4870833333333,-0.220775604248047
10.49375,-0.226974487304688
10.5004166666667,-0.2288818359375
10.5070833333333,-0.232696533203125
10.51375,-0.244140625
10.5204166666667,-0.252723693847656
10.5270833333333,-0.255584716796875
10.53375,-0.257492065429688
10.5404166666667,-0.261783599853516
10.5470833333333,-0.267982482910156
10.55375,-0.270843505859375
10.5604166666667,-0.274658203125
10.5670833333333,-0.279903411865234
10.57375,-0.283241271972656
10.5804166666667,-0.284194946289063
10.5870833333333,-0.288009643554688
10.59375,-0.295162200927734
10.6004166666667,-0.303268432617188
10.6070833333333,-0.307083129882813
10.61375,-0.314235687255859
10.6204166666667,-0.326633453369141
10.6270833333333,-0.338077545166016
10.63375,-0.348567962646484
10.6404166666667,-0.359535217285156
10.6470833333333,-0.376224517822266
10.65375,-0.390529632568359
10.6604166666667,-0.399589538574219
10.6670833333333,-0.402927398681641
10.67375,-0.401020050048828
10.6804166666667,-0.396728515625
10.6870833333333,-0.390529632568359
10.69375,-0.388145446777344
10.7004166666667,-0.38909912109375
10.7070833333333,-0.394344329833984
10.71375,-0.400543212890625
10.7204166666667,-0.406265258789063
10.7270833333333,-0.406742095947266
10.73375,-0.40435791015625
10.7404166666667,-0.402450561523438
10.7470833333333,-0.398635864257813
10.75375,-0.396251678466797
10.7604166666667,-0.397682189941406
10.7670833333333,-0.406265258789063
10.77375,-0.421047210693359
10.7804166666667,-0.437259674072266
10.7870833333333,-0.454425811767578
10.79375,-0.468254089355469
10.8004166666667,-0.474929809570313
10.8070833333333,-0.477313995361328
10.81375,-0.476837158203125
10.8204166666667,-0.474452972412109
10.8270833333333,-0.470161437988281
10.83375,-0.467777252197266
10.8404166666667,-0.473499298095703
10.8470833333333,-0.481128692626953
10.85375,-0.485897064208984
10.8604166666667,-0.489711761474609
10.8670833333333,-0.494003295898438
10.87375,-0.494480133056641
10.8804166666667,-0.490188598632813
10.8870833333333,-0.487804412841797
10.89375,-0.491142272949219
10.9004166666667,-0.494956970214844
10.9070833333333,-0.500679016113281
10.91375,-0.515937805175781
10.9204166666667,-0.537872314453125
10.9270833333333,-0.554084777832031
10.93375,-0.558853149414063
10.9404166666667,-0.558853149414063
10.9470833333333,-0.558376312255859
10.95375,-0.551223754882813
10.9604166666667,-0.537872314453125
10.9670833333333,-0.527858734130859
10.97375,-0.529289245605469
10.9804166666667,-0.538349151611328
10.9870833333333,-0.546455383300781
10.99375,-0.553131103515625
11.0004166666667,-0.562191009521484
11.0070833333333,-0.574588775634766
11.01375,-0.583171844482422
11.0204166666667,-0.583648681640625
11.0270833333333,-0.579833984375
11.03375,-0.575542449951172
11.0404166666667,-0.57220458984375
11.0470833333333,-0.565528869628906
11.05375,-0.561237335205078
11.0604166666667,-0.564098358154297
11.0670833333333,-0.572681427001953
11.07375,-0.580787658691406
11.0804166666667,-0.581264495849609
11.0870833333333,-0.579833984375
11.09375,-0.578880310058594
11.1004166666667,-0.580787658691406
11.1070833333333,-0.586986541748047
11.11375,-0.599384307861328
11.1204166666667,-0.616550445556641
11.1270833333333,-0.629901885986328
11.13375,-0.634670257568359
11.1404166666667,-0.634670257568359
11.1470833333333,-0.629901885986328
11.15375,-0.621318817138672
11.1604166666667,-0.611305236816406
11.1670833333333,-0.606536865234375
11.17375,-0.611782073974609
11.1804166666667,-0.622272491455078
11.1870833333333,-0.630378723144531
11.19375,-0.632286071777344
11.2004166666667,-0.634670257568359
11.2070833333333,-0.637531280517578
11.21375,-0.634670257568359
11.2204166666667,-0.623703002929688
11.2270833333333,-0.611782073974609
11.23375,-0.609397888183594
11.2404166666667,-0.611782073974609
11.2470833333333,-0.617027282714844
11.25375,-0.622272491455078
11.2604166666667,-0.629425048828125
11.2670833333333,-0.640392303466797
11.27375,-0.650882720947266
11.2804166666667,-0.659942626953125
11.2870833333333,-0.664710998535156
11.29375,-0.669956207275391
11.3004166666667,-0.678062438964844
11.3070833333333,-0.6866455078125
11.31375,-0.691890716552734
11.3204166666667,-0.695228576660156
11.3270833333333,-0.701427459716797
11.33375,-0.707626342773438
11.3404166666667,-0.712871551513672
11.3470833333333,-0.720024108886719
11.35375,-0.730037689208984
11.3604166666667,-0.738143920898438
11.3670833333333,-0.740528106689453
11.37375,-0.738143920898438
11.3804166666667,-0.735759735107422
11.3870833333333,-0.734806060791016
11.39375,-0.735282897949219
11.4004166666667,-0.734329223632813
11.4070833333333,-0.733375549316406
11.41375,-0.735282897949219
11.4204166666667,-0.735282897949219
11.4270833333333,-0.728130340576172
11.43375,-0.718593597412109
11.4404166666667,-0.715255737304688
11.4470833333333,-0.720500946044922
11.45375,-0.730514526367188
11.4604166666667,-0.743389129638672
11.4670833333333,-0.757694244384766
11.47375,-0.769138336181641
11.4804166666667,-0.772953033447266
11.4870833333333,-0.769615173339844
11.49375,-0.763416290283203
11.5004166666667,-0.757694244384766
11.5070833333333,-0.752449035644531
11.51375,-0.7476806640625
11.5204166666667,-0.746726989746094
11.5270833333333,-0.752925872802734
11.53375,-0.761508941650391
11.5404166666667,-0.772476196289063
11.5470833333333,-0.783920288085938
11.55375,-0.794887542724609
11.5604166666667,-0.804901123046875
11.5670833333333,-0.809192657470703
11.57375,-0.806331634521484
11.5804166666667,-0.798702239990234
11.5870833333333,-0.791549682617188
11.59375,-0.789642333984375
11.6004166666667,-0.790596008300781
11.6070833333333,-0.793933868408203
11.61375,-0.800132751464844
11.6204166666667,-0.805377960205078
11.6270833333333,-0.807285308837891
11.63375,-0.805854797363281
11.6404166666667,-0.804424285888672
11.6470833333333,-0.805377960205078
11.65375,-0.807762145996094
11.6604166666667,-0.811576843261719
11.6670833333333,-0.815868377685547
11.67375,-0.821113586425781
11.6804166666667,-0.824451446533203
11.6870833333333,-0.825405120849609
11.69375,-0.823974609375
11.7004166666667,-0.822067260742188
11.7070833333333,-0.822067260742188
11.71375,-0.823497772216797
11.7204166666667,-0.822544097900391
11.7270833333333,-0.820159912109375
11.73375,-0.820636749267578
11.7404166666667,-0.827789306640625
11.7470833333333,-0.836849212646484
11.75375,-0.841140747070313
11.7604166666667,-0.845432281494141
11.7670833333333,-0.856399536132813
11.77375,-0.871658325195313
11.7804166666667,-0.881671905517578
11.7870833333333,-0.883102416992188
11.79375,-0.883102416992188
11.8004166666667,-0.883579254150391
11.8070833333333,-0.880718231201172
11.81375,-0.871658325195313
11.8204166666667,-0.866413116455078
11.8270833333333,-0.867843627929688
11.83375,-0.873565673828125
11.8404166666667,-0.880241394042969
11.8470833333333,-0.886917114257813
11.85375,-0.895500183105469
11.8604166666667,-0.899791717529297
11.8670833333333,-0.902652740478516
11.87375,-0.908374786376953
11.8804166666667,-0.916957855224609
11.8870833333333,-0.92315673828125
11.89375,-0.922203063964844
11.9004166666667,-0.916957855224609
11.9070833333333,-0.910758972167969
11.91375,-0.905036926269531
11.9204166666667,-0.899791717529297
11.9270833333333,-0.899314880371094
11.93375,-0.907421112060547
11.9404166666667,-0.922203063964844
11.9470833333333,-0.936031341552734
11.95375,-0.943183898925781
11.9604166666667,-0.943660736083984
11.9670833333333,-0.935554504394531
11.97375,-0.918865203857422
11.9804166666667,-0.900745391845703
11.9870833333333,-0.886917114257813
11.99375,-0.881671905517578
12.0004166666667,-0.880718231201172
12.0070833333333,-0.884532928466797
12.01375,-0.893592834472656
12.0204166666667,-0.902652740478516
12.0270833333333,-0.905990600585938
12.03375,-0.904083251953125
12.0404166666667,-0.903129577636719
12.0470833333333,-0.905513763427734
12.05375,-0.908374786376953
12.0604166666667,-0.909328460693359
12.0670833333333,-0.914096832275391
12.07375,-0.926017761230469
12.0804166666667,-0.938892364501953
12.0870833333333,-0.944614410400391
12.09375,-0.940799713134766
12.1004166666667,-0.932693481445313
12.1070833333333,-0.918388366699219
12.11375,-0.898838043212891
12.1204166666667,-0.874996185302734
12.1270833333333,-0.856876373291016
12.13375,-0.851631164550781
12.1404166666667,-0.860214233398438
12.1470833333333,-0.878334045410156
12.15375,-0.896453857421875
12.1604166666667,-0.913619995117188
12.1670833333333,-0.924110412597656
12.17375,-0.925064086914063
12.1804166666667,-0.914096832275391
12.1870833333333,-0.895500183105469
12.19375,-0.878334045410156
12.2004166666667,-0.864982604980469
12.2070833333333,-0.857353210449219
12.21375,-0.856876373291016
12.2204166666667,-0.861644744873047
12.2270833333333,-0.868797302246094
12.23375,-0.874996185302734
12.2404166666667,-0.878334045410156
12.2470833333333,-0.879287719726563
12.25375,-0.878810882568359
12.2604166666667,-0.879764556884766
12.2670833333333,-0.881671905517578
12.27375,-0.886440277099609
12.2804166666667,-0.893115997314453
12.2870833333333,-0.902652740478516
12.29375,-0.910758972167969
12.3004166666667,-0.919818878173828
12.3070833333333,-0.927448272705078
12.31375,-0.935554504394531
12.3204166666667,-0.936985015869141
12.3270833333333,-0.928878784179688
12.33375,-0.91552734375
12.3404166666667,-0.901222229003906
12.3470833333333,-0.890731811523438
12.35375,-0.881195068359375
12.3604166666667,-0.875473022460938
12.3670833333333,-0.876903533935547
12.37375,-0.883579254150391
12.3804166666667,-0.890731811523438
12.3870833333333,-0.894069671630859
12.39375,-0.896453857421875
12.4004166666667,-0.901699066162109
12.4070833333333,-0.908374786376953
12.41375,-0.913619995117188
12.4204166666667,-0.918388366699219
12.4270833333333,-0.926494598388672
12.43375,-0.938892364501953
12.4404166666667,-0.949859619140625
12.4470833333333,-0.956058502197266
12.45375,-0.955581665039063
12.4604166666667,-0.950813293457031
12.4670833333333,-0.943660736083984
12.47375,-0.934123992919922
12.4804166666667,-0.926971435546875
12.4870833333333,-0.927925109863281
12.49375,-0.936508178710938
12.5004166666667,-0.947952270507813
12.5070833333333,-0.956058502197266
12.51375,-0.960826873779297
12.5204166666667,-0.961780548095703
12.5270833333333,-0.956535339355469
12.53375,-0.946521759033203
12.5404166666667,-0.93841552734375
12.5470833333333,-0.936985015869141
12.55375,-0.940322875976563
12.5604166666667,-0.947952270507813
12.5670833333333,-0.960826873779297
12.57375,-0.978469848632813
12.5804166666667,-0.993728637695313
12.5870833333333,-1.00183486938477
12.59375,-1.00517272949219
12.6004166666667,-1.00612640380859
12.6070833333333,-1.00851058959961
12.61375,-1.01280212402344
12.6204166666667,-1.01757049560547
12.6270833333333,-1.02090835571289
12.63375,-1.02138519287109
12.6404166666667,-1.01995468139648
12.6470833333333,-1.01566314697266
12.65375,-1.0066032409668
12.6604166666667,-0.99945068359375
12.6670833333333,-1.00088119506836
12.67375,-1.01089477539063
12.6804166666667,-1.02472305297852
12.6870833333333,-1.04284286499023
12.69375,-1.07192993164063
12.7004166666667,-1.11198425292969
12.7070833333333,-1.15871429443359
12.71375,-1.21450424194336
12.7204166666667,-1.28412246704102
12.7270833333333,-1.36661529541016
12.73375,-1.45864486694336
12.7404166666667,-1.55973434448242
12.7470833333333,-1.66940689086914
12.75375,-1.7848014831543
12.7604166666667,-1.90305709838867
12.7670833333333,-2.02703475952148
12.77375,-2.15673446655273
12.7804166666667,-2.28977203369141
12.7870833333333,-2.42471694946289
12.79375,-2.56586074829102
12.8004166666667,-2.71749496459961
12.8070833333333,-2.87771224975586
12.81375,-3.04317474365234
12.8204166666667,-3.21245193481445
12.8270833333333,-3.387451171875
12.83375,-3.56388092041016
12.8404166666667,-3.73697280883789
12.8470833333333,-3.9057731628418
12.85375,-4.07552719116211
12.8604166666667,-4.24480438232422
12.8670833333333,-4.41265106201172
12.87375,-4.57859039306641
12.8804166666667,-4.7450065612793
12.8870833333333,-4.90951538085938
12.89375,-5.06925582885742
12.9004166666667,-5.22661209106445
12.9070833333333,-5.38110733032227
12.91375,-5.53035736083984
12.9204166666667,-5.67054748535156
12.9270833333333,-5.80739974975586
12.93375,-5.94377517700195
12.9404166666667,-6.08015060424805
12.9470833333333,-6.21652603149414
12.95375,-6.35242462158203
12.9604166666667,-6.49023056030273
12.9670833333333,-6.62851333618164
12.97375,-6.76488876342773
12.9804166666667,-6.89792633056641
12.9870833333333,-7.02667236328125
12.99375,-7.1568489074707
13.0004166666667,-7.28702545166016
13.0070833333333,-7.41243362426758
13.01375,-7.53355026245117
13.0204166666667,-7.64989852905273
13.0270833333333,-7.76815414428711
13.03375,-7.88640975952148
13.0404166666667,-8.00275802612305
13.0470833333333,-8.11147689819336
13.05375,-8.21256637573242
13.0604166666667,-8.30888748168945
13.0670833333333,-8.40330123901367
13.07375,-8.49437713623047
13.0804166666667,-8.58449935913086
13.0870833333333,-8.67748260498047
13.09375,-8.77666473388672
13.1004166666667,-8.87727737426758
13.1070833333333,-8.97359848022461
13.11375,-9.06562805175781
13.1204166666667,-9.15241241455078
13.1270833333333,-9.23585891723633
13.13375,-9.31310653686523
13.1404166666667,-9.38749313354492
13.1470833333333,-9.45806503295898
13.15375,-9.52911376953125
13.1604166666667,-9.60111618041992
13.1670833333333,-9.67550277709961
13.17375,-9.7508430480957
13.1804166666667,-9.82522964477539
13.1870833333333,-9.89484786987305
13.19375,-9.95540618896484
13.2004166666667,-10.007381439209
13.2070833333333,-10.0555419921875
13.21375,-10.1032257080078
13.2204166666667,-10.1513862609863
13.2270833333333,-10.2014541625977
13.23375,-10.2548599243164
13.2404166666667,-10.3092193603516
13.2470833333333,-10.3564262390137
13.25375,-10.3988647460938
13.2604166666667,-10.4413032531738
13.2670833333333,-10.4856491088867
13.27375,-10.533332824707
13.2804166666667,-10.5819702148438
13.2870833333333,-10.6344223022461
13.29375,-10.6873512268066
13.3004166666667,-10.7321739196777
13.3070833333333,-10.7688903808594
13.31375,-10.7979774475098
13.3204166666667,-10.8270645141602
13.3270833333333,-10.859489440918
13.33375,-10.8952522277832
13.3404166666667,-10.9343528747559
13.3470833333333,-10.9701156616211
13.35375,-10.9992027282715
13.3604166666667,-11.019229888916
13.3670833333333,-11.0316276550293
13.37375,-11.0406875610352
13.3804166666667,-11.0487937927246
13.3870833333333,-11.0611915588379
13.39375,-11.0783576965332
13.4004166666667,-11.0969543457031
13.4070833333333,-11.1117362976074
13.41375,-11.1198425292969
13.4204166666667,-11.1246109008789
13.4270833333333,-11.1260414123535
13.43375,-11.1260414123535
13.4404166666667,-11.1217498779297
13.4470833333333,-11.115550994873
13.45375,-11.1093521118164
13.4604166666667,-11.103630065918
13.4670833333333,-11.0993385314941
13.47375,-11.0936164855957
13.4804166666667,-11.0888481140137
13.4870833333333,-11.0855102539063
13.49375,-11.0831260681152
13.5004166666667,-11.080265045166
13.5070833333333,-11.0750198364258
13.51375,-11.0712051391602
13.5204166666667,-11.0692977905273
13.5270833333333,-11.0702514648438
13.53375,-11.0716819763184
13.5404166666667,-11.0721588134766
13.5470833333333,-11.070728302002
13.55375,-11.0664367675781
13.5604166666667,-11.0583305358887
13.5670833333333,-11.0483169555664
13.57375,-11.0349655151367
13.5804166666667,-11.0182762145996
13.5870833333333,-10.9972953796387
13.59375,-10.9724998474121
13.6004166666667,-10.9457969665527
13.6070833333333,-10.9138488769531
13.61375,-10.8819007873535
13.6204166666667,-10.8518600463867
13.6270833333333,-10.8280181884766
13.63375,-10.8084678649902
13.6404166666667,-10.7922554016113
13.6470833333333,-10.7817649841309
13.65375,-10.7736587524414
13.6604166666667,-10.7669830322266
13.6670833333333,-10.7593536376953
13.67375,-10.7531547546387
13.6804166666667,-10.7460021972656
13.6870833333333,-10.7345581054688
13.69375,-10.716438293457
13.7004166666667,-10.6887817382813
13.7070833333333,-10.6563568115234
13.71375,-10.6239318847656
13.7204166666667,-10.5957984924316
13.7270833333333,-10.5700492858887
13.73375,-10.5447769165039
13.7404166666667,-10.5199813842773
13.7470833333333,-10.4942321777344
13.75375,-10.4670524597168
13.7604166666667,-10.4355812072754
13.7670833333333,-10.4026794433594
13.77375,-10.3716850280762
13.7804166666667,-10.3464126586914
13.7870833333333,-10.3244781494141
13.79375,-10.3001594543457
13.8004166666667,-10.2734565734863
13.8070833333333,-10.2443695068359
13.81375,-10.2124214172363
13.8204166666667,-10.1728439331055
13.8270833333333,-10.129451751709
13.83375,-10.0855827331543
13.8404166666667,-10.0407600402832
13.8470833333333,-9.99259948730469
13.85375,-9.94682312011719
13.8604166666667,-9.90772247314453
13.8670833333333,-9.87052917480469
13.87375,-9.83047485351563
13.8804166666667,-9.78803634643555
13.8870833333333,-9.7498893737793
13.89375,-9.71221923828125
13.9004166666667,-9.67121124267578
13.9070833333333,-9.63020324707031
13.91375,-9.59205627441406
13.9204166666667,-9.55438613891602
13.9270833333333,-9.51051712036133
13.93375,-9.4599723815918
13.9404166666667,-9.40895080566406
13.9470833333333,-9.36031341552734
13.95375,-9.31549072265625
13.9604166666667,-9.27495956420898
13.9670833333333,-9.24253463745117
13.97375,-9.2158317565918
13.9804166666667,-9.19103622436523
13.9870833333333,-9.16242599487305
13.99375,-9.12761688232422
14.0004166666667,-9.08613204956055
14.0070833333333,-9.04273986816406
14.01375,-8.99934768676758
14.0204166666667,-8.9569091796875
14.0270833333333,-8.91304016113281
14.03375,-8.87107849121094
14.0404166666667,-8.83340835571289
14.0470833333333,-8.79335403442383
14.05375,-8.74996185302734
14.0604166666667,-8.70513916015625
14.0670833333333,-8.66365432739258
14.07375,-8.6216926574707
14.0804166666667,-8.57639312744141
14.0870833333333,-8.5296630859375
14.09375,-8.48388671875
14.1004166666667,-8.43906402587891
14.1070833333333,-8.39424133300781
14.11375,-8.35180282592773
14.1204166666667,-8.31460952758789
14.1270833333333,-8.28027725219727
14.13375,-8.24451446533203
14.1404166666667,-8.20350646972656
14.1470833333333,-8.15820693969727
14.15375,-8.11195373535156
14.1604166666667,-8.06427001953125
14.1670833333333,-8.01181793212891
14.17375,-7.96031951904297
14.1804166666667,-7.91406631469727
14.1870833333333,-7.87258148193359
14.19375,-7.82918930053711
14.2004166666667,-7.7824592590332
14.2070833333333,-7.74240493774414
14.21375,-7.69996643066406
14.2204166666667,-7.65132904052734
14.2270833333333,-7.59458541870117
14.23375,-7.537841796875
14.2404166666667,-7.48538970947266
14.2470833333333,-7.43246078491211
14.25375,-7.38239288330078
14.2604166666667,-7.33566284179688
14.2670833333333,-7.29131698608398
14.27375,-7.24267959594727
14.2804166666667,-7.1873664855957
14.2870833333333,-7.13300704956055
14.29375,-7.08198547363281
14.3004166666667,-7.0338249206543
14.3070833333333,-6.98661804199219
14.31375,-6.94370269775391
14.3204166666667,-6.90460205078125
14.3270833333333,-6.86264038085938
14.33375,-6.81447982788086
14.3404166666667,-6.76155090332031
14.3470833333333,-6.70957565307617
14.35375,-6.65712356567383
14.3604166666667,-6.60228729248047
14.3670833333333,-6.5464973449707
14.37375,-6.49738311767578
14.3804166666667,-6.45351409912109
14.3870833333333,-6.41202926635742
14.39375,-6.36816024780273
14.4004166666667,-6.32429122924805
14.4070833333333,-6.27851486206055
14.41375,-6.22272491455078
14.4204166666667,-6.15978240966797
14.4270833333333,-6.09540939331055
14.43375,-6.03628158569336
14.4404166666667,-5.9814453125
14.4470833333333,-5.92947006225586
14.45375,-5.88369369506836
14.4604166666667,-5.84220886230469
14.4670833333333,-5.79977035522461
14.47375,-5.75065612792969
14.4804166666667,-5.69677352905273
14.4870833333333,-5.64384460449219
14.49375,-5.59329986572266
14.5004166666667,-5.54418563842773
14.5070833333333,-5.49602508544922
14.51375,-5.45072555541992
14.5204166666667,-5.40494918823242
14.5270833333333,-5.35011291503906
14.53375,-5.28812408447266
14.5404166666667,-5.22565841674805
14.5470833333333,-5.16748428344727
14.55375,-5.10931015014648
14.5604166666667,-5.0511360168457
14.5670833333333,-4.99963760375977
14.57375,-4.95433807373047
14.5804166666667,-4.90856170654297
14.5870833333333,-4.85754013061523
14.59375,-4.80461120605469
14.6004166666667,-4.75168228149414
14.6070833333333,-4.69732284545898
14.61375,-4.63533401489258
14.6204166666667,-4.56571578979492
14.6270833333333,-4.49514389038086
14.63375,-4.43124771118164
14.6404166666667,-4.37116622924805
14.6470833333333,-4.31108474731445
14.65375,-4.25434112548828
14.6604166666667,-4.20570373535156
14.6670833333333,-4.16326522827148
14.67375,-4.11891937255859
14.6804166666667,-4.07123565673828
14.6870833333333,-4.02212142944336
14.69375,-3.97300720214844
14.7004166666667,-3.91817092895508
14.7070833333333,-3.85618209838867
14.71375,-3.78799438476563
14.7204166666667,-3.71789932250977
14.7270833333333,-3.64923477172852
14.73375,-3.58390808105469
14.7404166666667,-3.52382659912109
14.7470833333333,-3.46469879150391
14.75375,-3.40509414672852
14.7604166666667,-3.34739685058594
14.7670833333333,-3.29303741455078
14.77375,-3.24106216430664
14.7804166666667,-3.18765640258789
14.7870833333333,-3.13043594360352
14.79375,-3.07130813598633
14.8004166666667,-3.01027297973633
14.8070833333333,-2.94733047485352
14.81375,-2.88295745849609
14.8204166666667,-2.81953811645508
14.8270833333333,-2.76088714599609
14.83375,-2.70652770996094
14.8404166666667,-2.65836715698242
14.8470833333333,-2.61259078979492
14.85375,-2.56490707397461
14.8604166666667,-2.51197814941406
14.8670833333333,-2.45380401611328
14.87375,-2.39658355712891
14.8804166666667,-2.33697891235352
14.8870833333333,-2.2730827331543
14.89375,-2.20727920532227
14.9004166666667,-2.14338302612305
14.9070833333333,-2.08091735839844
14.91375,-2.01606750488281
14.9204166666667,-1.94883346557617
14.9270833333333,-1.88064575195313
14.93375,-1.8153190612793
14.9404166666667,-1.7547607421875
14.9470833333333,-1.69754028320313
14.95375,-1.64270401000977
14.9604166666667,-1.59025192260742
14.9670833333333,-1.5416145324707
14.97375,-1.49440765380859
14.9804166666667,-1.44100189208984
14.9870833333333,-1.37901306152344
14.99375,-1.30987167358398
15.0004166666667,-1.23834609985352
